"","a","b","Amp","x","sigma"
"1",1.03211516858194,6.07219229841724e-06,0.262491556511536,-2.33438965651454,0.121058190255831
"2",1.02669143485877,3.27025558256071e-05,0.261439563227994,-2.35016126270889,0.126088396306667
"3",1.05508339388348,-4.58068091094505e-05,0.269891938958767,-2.31012753543881,0.120430931498086
"4",1.03705354988223,5.00772285993034e-06,0.267166451171412,-2.31378594905173,0.12545881843764
"5",1.0261419979702,2.18423420926048e-05,0.258331398355488,-2.30761564336733,0.127307497586891
"6",1.02798092115517,2.06288474920237e-05,0.264676511151889,-2.39136915201644,0.119712187735674
"7",1.04010902985002,1.635414251776e-06,0.260894549594698,-2.25007374964627,0.122322700088819
"8",1.03197507889469,7.02027356490431e-06,0.275635787597924,-2.31584220673946,0.121362441168328
"9",1.02889682777594,1.57131958633399e-05,0.259013434910447,-2.32312632624083,0.125931137306261
"10",1.04962402689749,-2.20830849198258e-05,0.2554700273106,-2.23673066908018,0.12743199368036
"11",1.04316205567746,-7.55166415992533e-06,0.256960789479387,-2.28528740076827,0.127066196583438
"12",1.04617089076368,-2.46119845529251e-05,0.267390839347165,-2.33551940341716,0.123631761125425
"13",1.03527862581146,1.50288579355661e-05,0.264176800840401,-2.21705797945252,0.129288343980769
"14",1.02323174764199,2.88923824936875e-05,0.269917223129224,-2.3390684131187,0.122358927471836
"15",1.04621570904534,-2.41556891485254e-05,0.262043605973323,-2.2947489196642,0.128040269306894
"16",1.03287343306968,2.04826039372079e-05,0.262312010240283,-2.32853125973946,0.12155891965977
"17",1.03262157244213,1.51381938831768e-05,0.264993161415367,-2.30993270660912,0.121799423488874
"18",1.03187555571713,8.59122337393187e-06,0.262337003476658,-2.3457327846561,0.122288261649465
"19",1.00268634786078,6.05418337384265e-05,0.264534860544546,-2.29314076159836,0.119744055186946
"20",1.02122788496489,4.49464502469746e-05,0.271244666939453,-2.37249895374884,0.120632655611135
"21",1.0153224816427,4.31074597600199e-05,0.264822036735507,-2.36471685873404,0.124713878287424
"22",1.03422913247361,-9.89824902851957e-06,0.263090859687671,-2.16885475742353,0.126826786615032
"23",1.03773228305241,4.29851539289072e-06,0.261532714698201,-2.306449302114,0.118916880688276
"24",1.02792959073036,1.88500922838355e-05,0.25582198407872,-2.31572877024271,0.123792658397649
"25",1.02645952202733,1.79502043100266e-05,0.255565740843093,-2.39581822331816,0.126740670835229
"26",1.03133756293314,1.55381935235632e-05,0.269859497668776,-2.27967435009083,0.127549178992704
"27",1.03468335593198,-2.74050991053867e-06,0.267848848749155,-2.31927453373557,0.12196858003733
"28",1.03873097669168,3.79692291916545e-06,0.263554051259982,-2.31251157355812,0.125042074234023
"29",1.03210783267951,3.4716175525954e-06,0.259705953535129,-2.27834431575319,0.12696670956713
"30",1.04549828852324,-3.1476207093545e-05,0.264394975071543,-2.29318725202069,0.122769066730414
"31",1.04148414263378,-3.5326853428565e-05,0.274701843370711,-2.31673753855709,0.130487808554839
"32",1.03468995702854,1.88378753879583e-05,0.275988467637789,-2.31645892717193,0.123118296910534
"33",1.0362375172416,1.68242551297904e-05,0.261137863009981,-2.30261861219336,0.122162460139701
"34",1.01411403499845,4.65579415920623e-05,0.269913788842474,-2.31682641230952,0.124632447963848
"35",1.02379815427422,2.54431935626017e-05,0.256830196775047,-2.31799172003259,0.120655686199966
"36",1.04172850911807,-2.05465515563729e-05,0.257955925369895,-2.26055105364082,0.129588881466117
"37",1.02268394681794,2.06527243126295e-05,0.264504015017576,-2.33046192686317,0.126029173979518
"38",1.01761662854925,5.27170996645465e-05,0.259540285077523,-2.33667820844152,0.126359464672473
"39",1.0439212803246,-8.52461539550296e-06,0.256497935333097,-2.29772002640169,0.128566906135315
"40",1.02831127675115,-1.7284868115403e-06,0.278670417793581,-2.27878262005736,0.121929599281005
"41",1.01145097288127,3.64187173504662e-05,0.271287220366297,-2.32719459467273,0.123887140531697
"42",1.04161934538611,-4.54327006752924e-07,0.265283032849922,-2.26110629403398,0.129052530015157
"43",1.02013969303978,1.93336741479975e-05,0.275334910584121,-2.34465067056331,0.127736719556356
"44",1.0442261995187,7.34944727503824e-06,0.265775249286294,-2.35726925138309,0.119467570728582
"45",1.03478088434587,9.05006120494965e-07,0.265207530445961,-2.37061662701302,0.120937359244029
"46",1.0306832804318,8.86846762428528e-06,0.272049201084333,-2.37396099626856,0.123114954569923
"47",1.03296218670347,1.43159580840023e-05,0.256452775955424,-2.30471862310319,0.122835273441104
"48",1.02901747400501,2.67392335588783e-05,0.282016475410264,-2.38363923087231,0.123570159359016
"49",1.03968399697513,5.13121167277119e-06,0.272797225363787,-2.43507284117609,0.126336609275404
"50",1.03971416245066,6.56662842395615e-06,0.253871974781475,-2.28001561791651,0.122786478484227
"51",1.03593439494843,-2.88648268292397e-06,0.270609741145656,-2.38678238270972,0.122784710357452
"52",1.0189984251802,2.28155057404117e-05,0.267647034738279,-2.36967131215336,0.123305202919613
"53",1.03391453460935,-1.53414753626041e-05,0.271483947200326,-2.28586997762764,0.122890018307357
"54",1.04251694844967,-1.84064356068011e-05,0.265440850282732,-2.33726623429175,0.127425654354742
"55",1.04215223587594,-1.68429860333331e-05,0.276640790671353,-2.38564645589511,0.126726669349485
"56",1.0355393174428,-9.30979699949597e-07,0.274460407937124,-2.26810981584469,0.120495929458647
"57",1.02433193473586,2.61517989905781e-05,0.27576386956801,-2.36758031970358,0.122249010347699
"58",1.03033285469735,2.44505203101542e-05,0.266336701288904,-2.36669403344645,0.11926555053921
"59",1.01778384535871,4.31539516445225e-05,0.264536007747309,-2.28523971457761,0.124196915990393
"60",1.01208476192569,3.88051873967673e-05,0.263085288727755,-2.25844523142677,0.124500805554898
"61",1.03452621612393,1.0053908168566e-05,0.265983190468628,-2.29277951792572,0.128043866743596
"62",1.04582610750302,-1.50149170901162e-05,0.274843599093423,-2.39153710449182,0.121825866746865
"63",1.01201557783473,3.722613789713e-05,0.27332323922529,-2.32427387793978,0.125521810322573
"64",1.02319965309373,2.62772939469966e-05,0.279991817374156,-2.31918583480169,0.128586550078544
"65",1.03914287070351,-6.03400476350424e-06,0.273576520803235,-2.30537695341825,0.122418751095281
"66",1.01192732763276,3.86005687890098e-05,0.265231149542545,-2.30871578935164,0.122536940751305
"67",1.01898274345105,3.95141727998369e-05,0.276525675795547,-2.39395344134158,0.122906361287819
"68",1.03106022308369,1.45225049893032e-05,0.270318178791163,-2.34546035896382,0.125189426301477
"69",1.02040174747014,3.25448757104907e-05,0.280792167014629,-2.36663019520977,0.119554367065805
"70",1.01763513721596,3.83888419150946e-05,0.257953087120994,-2.33948397948168,0.126515317466527
"71",1.03313012229404,3.51501395619521e-06,0.253256891068603,-2.32449337529355,0.122077456538403
"72",1.03202746525644,6.83309363156929e-06,0.264905226866174,-2.30986851959328,0.122181261913387
"73",1.01862217873215,2.61655078207694e-05,0.266083537339349,-2.34780769125146,0.126366518100691
"74",1.0410371534064,-1.0975429060663e-05,0.26289836259189,-2.3605289526207,0.121594787119733
"75",1.01909009450492,2.31382402756057e-05,0.26587622954598,-2.25233831487662,0.122380152432026
"76",1.02048365210372,2.59253323031905e-05,0.271924885491907,-2.33496423415888,0.12764962187797
"77",1.01729775679652,4.90402651244249e-05,0.263442663262557,-2.29528380223138,0.124396095201114
"78",1.03016460673074,2.2374189697687e-06,0.2655304530645,-2.36656190807964,0.12381862147304
"79",1.02555500752645,8.34362150334195e-06,0.261442133120245,-2.36147281519692,0.122948377220061
"80",1.0228239915165,2.34519881768932e-05,0.267000771604028,-2.32046616147432,0.124926866146076
"81",1.04075883305042,5.08298462172723e-07,0.267522583931073,-2.28418725047361,0.131258680886725
"82",1.0530828243317,-1.55298445247621e-05,0.267239194031687,-2.32438259920205,0.122349049031614
"83",1.0246569430823,2.51477724644904e-05,0.267780762311649,-2.3442812598929,0.128267004461727
"84",1.02993365393185,2.67922558525908e-05,0.265787182322213,-2.26327510603432,0.123077268421033
"85",1.01985213913089,3.27904271059617e-05,0.2707599422484,-2.36000722711299,0.121914869015825
"86",1.04159257649561,-1.55144634352311e-05,0.281608143271948,-2.42125051677357,0.125613210978269
"87",1.02027213575013,1.47072928194955e-05,0.270511850510955,-2.24233418815681,0.123485101712896
"88",1.02122162742832,3.75311641350931e-05,0.266653492451495,-2.27293774790801,0.125462198773507
"89",1.01417805499134,5.00801187913509e-05,0.259785479341353,-2.27000772766067,0.125342745220155
"90",1.0307575097638,1.03602814563996e-05,0.270363722798706,-2.31831933078664,0.12365037669566
"91",1.03190512632572,7.46962117567505e-06,0.258093648953744,-2.29384293270227,0.122636419622818
"92",1.04139921496911,1.4582487704163e-05,0.277762013069628,-2.33720821940308,0.128551606061657
"93",1.0224828289638,1.469252099574e-05,0.279475310909161,-2.34535948527072,0.124399201798817
"94",1.02987071553551,-6.24799569703972e-06,0.26873786103144,-2.41905590247738,0.121754802814228
"95",1.02187049391177,3.0304522540526e-05,0.274267381412447,-2.29277354708254,0.124278897931384
"96",1.03065783761866,1.20004363724269e-05,0.254760262363179,-2.27685888094246,0.126772700288154
"97",1.02899770173993,1.35491215168883e-05,0.260303800397824,-2.28122545070943,0.120117888212829
"98",1.04302688614293,-2.06390326994668e-05,0.262683089863765,-2.25113665418309,0.127409751348621
"99",1.02835952477926,2.49097032287328e-05,0.278183410849592,-2.32615125658041,0.123029203708416
"100",1.02398773647886,3.55100713722541e-05,0.260313573261929,-2.40062521793173,0.121040368089298
"101",1.01679320707971,3.74606471660098e-05,0.269954789713425,-2.32525509166113,0.124996125464105
"102",1.026085070099,2.39969640811e-05,0.257035460190078,-2.34113093057089,0.124572808808077
"103",1.04143651829263,-1.64713174988832e-05,0.267696771320274,-2.35186052483219,0.124323447799001
"104",1.03893822302914,-4.1147345144981e-06,0.26292866897483,-2.31824076206546,0.123694954980146
"105",1.02640716465879,1.10555596508422e-05,0.266159531763344,-2.29917852304811,0.123499293190428
"106",1.03274608860878,-7.3517834655251e-07,0.270066082562192,-2.28295803224797,0.130588368172273
"107",1.02276986536353,8.59096698871105e-06,0.260346606087754,-2.27619552937621,0.120896700792479
"108",1.04309400047797,5.66241766088178e-06,0.273225415649139,-2.36998531749262,0.122278038431296
"109",1.01878346329152,3.67654097130404e-05,0.270091497254883,-2.32188413322027,0.121697005218185
"110",1.02599999215617,1.71896256248954e-05,0.265510924271257,-2.3282544468175,0.119542301488555
"111",1.05901587922608,-5.70642050052073e-05,0.268404610284754,-2.30491631255654,0.120661131969972
"112",1.02924492805444,2.3009138732834e-05,0.268103542929576,-2.32656360672826,0.125176183352817
"113",1.03454444783928,1.07213622702172e-05,0.260410791272723,-2.39687454828012,0.128396621977867
"114",1.0338111166726,2.24464787820656e-05,0.269978948042885,-2.32441243300538,0.123250073054933
"115",1.02519115771281,1.31277654135163e-05,0.274765975167472,-2.39938928224277,0.12860180017292
"116",1.03169334192428,2.50622805728567e-05,0.278638986215846,-2.29430183878518,0.126628341837845
"117",1.03011961029318,2.00830922235244e-05,0.269736751830884,-2.28015844240308,0.12098292381544
"118",1.0383220522519,1.65134400482045e-05,0.270478827700347,-2.33120523513545,0.124144040709023
"119",1.04210778273778,-9.87811465431004e-06,0.261466176464848,-2.39657664971652,0.123711641562135
"120",1.02254946087725,3.09966719369921e-05,0.256790450471804,-2.39924658606458,0.123543215885473
"121",1.02349135745455,2.73895177638784e-05,0.277116760094064,-2.24937865240268,0.126830775317195
"122",1.0475118279843,-2.86345437910763e-05,0.272131767659721,-2.34975519149643,0.1220488846689
"123",1.03675472964013,-2.40516599906009e-05,0.273271009159023,-2.39849301489371,0.123035322685289
"124",1.03337113402067,-3.08830362969819e-06,0.269906841655924,-2.3036880949579,0.127498408720534
"125",1.01772531736016,4.23317320036773e-05,0.27199466506125,-2.37268298931561,0.127096463520543
"126",1.0336645934184,3.23469214788474e-06,0.252622818836595,-2.28188299170694,0.126037682102575
"127",1.03696163780118,1.08496168507062e-05,0.26164182149278,-2.35740749538076,0.122897146555861
"128",1.03571064700944,1.9454556619624e-05,0.270553157453466,-2.32963927915308,0.124226149472097
"129",1.0313248820124,9.0508810691236e-06,0.256821186269472,-2.31078385562437,0.124234783149463
"130",1.03004133075042,1.10744999135141e-05,0.276085585735104,-2.32660115486826,0.124340262212532
"131",1.02598108569411,1.59571653068722e-05,0.257507729666804,-2.3269683182483,0.126457284086561
"132",1.02572135803692,2.6333175441426e-05,0.276386317278742,-2.30170501722306,0.122907613320597
"133",1.03014924775065,4.54360101215628e-06,0.264418430839302,-2.40388380763084,0.123121908873273
"134",1.02364565019206,2.37296648378325e-05,0.271077940687941,-2.23981801757992,0.126896924005633
"135",1.0326750031926,2.75189702757859e-06,0.268741087878228,-2.27378012998587,0.123383652512032
"136",1.05274234684418,-3.24828086740063e-05,0.276201046880343,-2.34181462827983,0.129756132390208
"137",1.03183115763449,-2.75086191926577e-06,0.2614970688005,-2.44924166046223,0.125658146684617
"138",1.02871252538703,1.2066775446742e-05,0.261793740028752,-2.3129826885373,0.120588014911766
"139",1.03516088375068,-1.88100830488835e-06,0.257912657033666,-2.3783691043039,0.127017051686236
"140",1.03403365625578,1.18806629066387e-05,0.266995981304601,-2.29124615296405,0.128027646401327
"141",1.02887810933194,2.15299541142071e-05,0.256394572702551,-2.32449060752782,0.123322877147327
"142",1.01678096102163,3.76361961656368e-05,0.26962488894324,-2.34906701148082,0.120161195813158
"143",1.01782856258757,4.38996442969722e-05,0.273490493246851,-2.28154261007978,0.125637918710832
"144",1.02121560442133,3.59948112953957e-05,0.264194016363316,-2.34127189680056,0.120577806849269
"145",1.03161750785248,2.16287298946351e-05,0.263828657244419,-2.36737614328082,0.12006810299119
"146",1.00907686320722,6.32800543596111e-05,0.265670531677031,-2.33625596564186,0.126182586734217
"147",1.02102587274382,3.54246540266773e-05,0.271244279466417,-2.28235523171288,0.125930945940457
"148",1.03271308111563,1.12297301137077e-05,0.2609563549391,-2.34957492870623,0.129685440009195
"149",1.02903300522267,2.01776839919416e-05,0.259981833409425,-2.31819651566241,0.127194064792395
"150",1.02492554571173,2.5423121750722e-05,0.257514860135339,-2.35344786109608,0.120072016675646
"151",1.0368909511826,-1.32887538737905e-05,0.261040207813934,-2.30184322690318,0.130086166712896
"152",1.02716144784602,1.26673447187164e-05,0.262161666103589,-2.29031806364551,0.12845535289859
"153",1.02379228730391,2.21994646718931e-05,0.257390086529598,-2.33235237786318,0.127232491414659
"154",1.03010233888364,4.30439060131765e-06,0.26266973922573,-2.32709368748455,0.122584126802358
"155",1.02780953511296,-7.05980630277318e-07,0.265000228941001,-2.35958095352819,0.121292325794967
"156",1.02780808553774,2.95127969346155e-05,0.261392305115166,-2.34036902692192,0.123716300383589
"157",1.02224090856909,3.59027970290916e-05,0.269233847654347,-2.2370194747652,0.122688596466547
"158",1.03240948158546,2.00923184462339e-05,0.253081691532643,-2.27823347634507,0.123422167941597
"159",1.04770952972256,-2.99779314673039e-05,0.267078288363016,-2.35189134062445,0.121643243509004
"160",1.03826522923245,-1.87943715988289e-05,0.261588931501087,-2.43169990992181,0.12697009060217
"161",1.02898332035873,-9.89298501415446e-06,0.268174557166827,-2.32503990973145,0.125229219539328
"162",1.02016933844903,1.8760435947645e-05,0.281011195614451,-2.35476058484435,0.124513129872737
"163",1.02969362037972,2.30897448496352e-05,0.265808781468329,-2.2830157582459,0.126158355561585
"164",1.04716130074991,-2.48212723209012e-05,0.268764660471638,-2.29519476606297,0.125325885202306
"165",1.02387604357525,3.36489263175779e-05,0.275211769861766,-2.29401654387341,0.123620644245061
"166",1.02178765132104,2.84429230260704e-05,0.26809749152855,-2.25563685680693,0.125603660129775
"167",1.04303666659306,-8.86660602088086e-06,0.267877801123678,-2.30961837669828,0.125961597034955
"168",1.0223679221826,3.20137675135418e-05,0.268380226429651,-2.26043763223354,0.125210864234465
"169",1.03097458568351,5.99118912280576e-06,0.276748684572554,-2.383383907851,0.124680203610616
"170",1.01109017183259,5.06631713089587e-05,0.264014621395135,-2.37994741263258,0.125796160002557
"171",1.0295245113474,4.15226052618434e-07,0.270314688138654,-2.35341592751202,0.122183521707106
"172",1.03647729142913,-6.39484637143952e-06,0.273379722125226,-2.31754033864622,0.122249950707628
"173",1.00478597739848,7.53506906581376e-05,0.264564301064519,-2.3282381195073,0.121801784474635
"174",1.03147830167625,1.21405465465398e-05,0.271358597111938,-2.31859181644795,0.12369752113093
"175",1.04202100272425,-5.57772106127125e-06,0.274002703317696,-2.33629991744312,0.126866200898742
"176",1.0229819767113,2.70708205565496e-05,0.267863465213069,-2.30297719092088,0.11913199702757
"177",1.02819810311911,4.85536425387273e-05,0.263034156994645,-2.3305299710529,0.126382202540472
"178",1.03321687324842,9.58620120654506e-06,0.256036082469081,-2.32819414263838,0.125613542461008
"179",1.03732571917835,1.24615307048079e-06,0.271374035696927,-2.33853904083224,0.123875353522362
"180",1.02948474353777,4.98474528087887e-06,0.25973410928368,-2.34115295811774,0.122062979598993
"181",1.02113985436717,2.77703569926424e-05,0.267726990732684,-2.43303911695126,0.121500623555522
"182",1.0342091686853,2.52117469110929e-05,0.270213045300439,-2.29052011597071,0.127857008373703
"183",1.01881338518616,3.84782963913236e-05,0.268084237904177,-2.36069700243561,0.122820150158637
"184",1.03767732882305,1.30111179045276e-05,0.273516042978454,-2.30143847374258,0.122517997963754
"185",1.02112846412235,3.39463423284152e-05,0.262058780055906,-2.34019255226591,0.122822812801609
"186",1.04277041423117,7.76295235021072e-06,0.265528620110503,-2.31820087735403,0.12341193585173
"187",1.03616330797493,2.00186589905872e-06,0.255833691241132,-2.30861693316059,0.119823842716766
"188",1.03100614836166,1.39621789611977e-05,0.267008259514686,-2.33635549534372,0.125885368092508
"189",1.03324724768241,3.08782856450038e-05,0.259335866604668,-2.36598173071106,0.120380166737292
"190",1.03291143806035,1.83533545515554e-05,0.269970838238274,-2.28147024864913,0.119294161594502
"191",1.04110110946661,6.12205328227372e-06,0.265890776469811,-2.39420309952272,0.127709115896436
"192",1.03472676746797,4.95500709698165e-06,0.26877501277652,-2.43792285447896,0.128303374097301
"193",1.04293964999667,-1.36987042747398e-05,0.280028340077661,-2.35442477334311,0.118729267967655
"194",1.03674658877191,1.6193234073446e-06,0.27323793591769,-2.39838164966833,0.123042508836084
"195",1.02744209435653,8.14874007800392e-06,0.259246644144416,-2.40069427705748,0.124692431355971
"196",1.01936062923069,2.77539740767426e-05,0.254826987105921,-2.32888293394286,0.124501111734955
"197",1.01498041793772,3.14416660158502e-05,0.265178213671098,-2.36626559340924,0.121349439609787
"198",1.01761171241075,4.35705570778638e-05,0.262153251800044,-2.34417401534575,0.12538197000563
"199",1.02167446310391,1.56858518753236e-05,0.250946945410162,-2.30125121540427,0.121140505659303
"200",1.03415601103225,9.42778433932537e-06,0.256405862963747,-2.31908737696248,0.127366006539901
"201",1.02887226482129,9.38047836617311e-06,0.265013413268679,-2.30885958501075,0.122676329442763
"202",1.0349646416407,-1.12979963697011e-07,0.251756553135729,-2.38500615931921,0.12235041264566
"203",1.02934559316864,2.89421049691043e-06,0.271819492452089,-2.24244362455561,0.122554883968685
"204",1.01339824487982,3.92258038399336e-05,0.264231680001573,-2.29933405340697,0.125556533778224
"205",1.04350041126125,-2.72717521378508e-05,0.263736941644828,-2.33269759122377,0.121502465594386
"206",1.00716853232514,6.06084211536201e-05,0.272392080598083,-2.28657506154961,0.119769989895222
"207",1.01993751592991,4.22844916584047e-05,0.274806008805509,-2.33725867348511,0.120396743279355
"208",1.0390459965102,7.61186285947549e-06,0.282773634864142,-2.27454966293107,0.131057809063849
"209",1.0312043380014,2.07551636346637e-05,0.268494298021548,-2.35646729101133,0.125847793857212
"210",1.02257944647813,1.94813234925884e-05,0.265366801443262,-2.36206224985877,0.127502246280173
"211",1.02846830899444,4.35633603425474e-06,0.267997189343829,-2.30973995226628,0.128777591244718
"212",1.01620100282207,5.90095893544961e-05,0.261048916740035,-2.34596462059906,0.127091576314713
"213",1.01947826909253,5.38388509622622e-05,0.268904167390448,-2.3658543514566,0.130797550641047
"214",1.02341233300467,1.07915681117816e-05,0.269492669048477,-2.34223662480935,0.120393386158643
"215",1.05847055215813,-4.53952875858801e-05,0.26594478075485,-2.32971567048448,0.120828198848524
"216",1.02210131572218,1.65927017607225e-05,0.266059156011436,-2.30302950269861,0.124944668967225
"217",1.02323537929501,2.68385727197228e-05,0.270846553076566,-2.26180034840265,0.130013819035986
"218",1.0340219478703,5.72989620919185e-06,0.256835926122681,-2.34619537154073,0.120501098045432
"219",1.0275771319911,-6.06916635779143e-07,0.274754046702654,-2.33425255126521,0.13124996204546
"220",1.03239520038011,7.50921395559112e-06,0.269534873294207,-2.31697952613827,0.128973080366236
"221",1.01243934240809,4.33112625055132e-05,0.273299046401882,-2.32672434217838,0.124640319781178
"222",1.01865245207427,3.8351407707842e-05,0.267866866925702,-2.29627419706886,0.121867739261548
"223",1.04018069942226,4.51641006549361e-06,0.260036021623145,-2.28816372379765,0.12766218399169
"224",1.02828213823359,4.19098339099141e-06,0.270322994423777,-2.27432756860787,0.129149613492225
"225",1.03375552783665,2.08772556469773e-05,0.25970173921995,-2.31205609495849,0.118549506258824
"226",1.01977669724631,3.79441316928278e-05,0.259809548319962,-2.32583861467458,0.125916431905865
"227",1.0334227716297,2.0176597650242e-05,0.257060078163702,-2.24690992257564,0.124347883458601
"228",1.03350721562022,-3.19478798654296e-06,0.259410483801673,-2.25991406856481,0.118768368365257
"229",1.03823997379946,-1.46513557172316e-05,0.272544496093591,-2.2804604941571,0.121934624524105
"230",1.04242899830864,-3.35466173682946e-06,0.266847779393555,-2.3735649213008,0.12150420708002
"231",1.0227690380139,3.41775665538051e-05,0.269023055720205,-2.34687893976056,0.128434585877771
"232",1.03037897858709,2.41761375682498e-05,0.2640439795457,-2.27122830239461,0.126424189312282
"233",1.03730015186156,3.22538628541451e-06,0.264075142351363,-2.25145799538168,0.120471025335937
"234",1.03503168082659,7.2704749969658e-06,0.260832731711782,-2.32036592118165,0.126198595588672
"235",1.02118878441961,3.90616590630626e-05,0.279228162364771,-2.28904674941496,0.122900391292717
"236",1.03527322535101,-1.49408874932385e-05,0.270395286002487,-2.32386987309911,0.127902239107298
"237",1.04457771169909,-2.85183991659152e-05,0.259252120022675,-2.34513493388623,0.125586612425315
"238",1.03866256328139,1.83979188992818e-05,0.273007472199971,-2.31193752188249,0.121848512195473
"239",1.02535028640325,2.15105391205917e-05,0.265149482964565,-2.31757016156277,0.120681475673179
"240",1.02889971478909,9.16363025500373e-06,0.272703342662591,-2.30125279026035,0.119766865734951
"241",1.02754287226325,1.37217837359373e-06,0.255484027761568,-2.3141700361787,0.128255376383016
"242",1.02475474580054,3.28419105001169e-05,0.274780013860798,-2.37954672525625,0.123037954119867
"243",1.0365342123022,7.60660931646109e-06,0.26070416946205,-2.34294064539313,0.123185134217896
"244",1.03977982095363,-9.53584227486638e-06,0.258466384164816,-2.34206007148632,0.120949980659462
"245",1.03940014956514,-1.13421233316178e-05,0.269942784135859,-2.27609494609844,0.119602859774041
"246",1.03462816121152,-4.66844360958218e-06,0.273818275161169,-2.33012901569829,0.126941918987224
"247",1.0214213281046,3.23314262962609e-05,0.266016425182011,-2.33344698997296,0.120698420143743
"248",1.03823770912522,9.49379111900341e-06,0.267137293929864,-2.35977936618639,0.12150228547236
"249",1.03276210166028,8.69900349292541e-06,0.274893492198286,-2.26138040843185,0.12553547823143
"250",1.04101243678349,-1.58581918949111e-05,0.265951771229897,-2.36643063088283,0.122555620250758
"251",1.02461750526313,2.84162414641149e-05,0.26536450190199,-2.33270421957401,0.125944217246243
"252",1.03429486498486,6.72764780990581e-06,0.258342904262749,-2.33859852124262,0.126524235846118
"253",1.03055965581064,5.82833279082796e-06,0.246296127722264,-2.27526731087379,0.124836877758466
"254",1.03611929057998,-1.02404897917203e-05,0.272192960258335,-2.3242180130153,0.13381678448931
"255",1.0247886000568,3.25251443677346e-05,0.274782401445258,-2.37956486033608,0.123029539383255
"256",1.01350352930819,6.25845151607924e-05,0.268111228995153,-2.24770387604002,0.121219650364841
"257",1.03216245055658,3.06389557404669e-05,0.273355641530585,-2.28660312162338,0.122698128403188
"258",1.02448527999654,9.2136344329711e-06,0.263051727610015,-2.36824082752997,0.124737335097688
"259",1.04131690250099,-3.47234547260399e-06,0.256367060516709,-2.31008406469337,0.128463334496175
"260",1.02213394651721,3.7341561606022e-05,0.268013036641833,-2.35063043916777,0.126631206819106
"261",1.00613114063304,7.50681133175165e-05,0.266624939630011,-2.29571297714224,0.119236664615373
"262",1.02765019023594,2.0771158389486e-05,0.256676508849969,-2.32592941138941,0.122801151064566
"263",1.02375706665973,2.04566202836547e-05,0.269374719029371,-2.39244177566107,0.12668613571393
"264",1.01524060430765,4.85331979272043e-05,0.271763067559304,-2.36796446389488,0.12274469966764
"265",1.04013380045562,7.00783942058591e-06,0.254779866712896,-2.42931817431371,0.121388570795079
"266",1.03241692010166,6.51990634363964e-06,0.270573846473215,-2.37697795673054,0.122065605688994
"267",1.01767844378025,5.00253314342271e-05,0.267778549163988,-2.38079935635918,0.123742100221016
"268",1.04348039910486,-2.19197100804366e-05,0.260592981168078,-2.22298539264977,0.124557081879281
"269",1.02467011816448,2.93965433995973e-05,0.259997348449018,-2.29512655239867,0.132285000090934
"270",1.03306797124341,-1.20224824436122e-06,0.263387402416959,-2.3078184970531,0.123358435601655
"271",1.02197789125564,3.27343734232442e-05,0.273120327958158,-2.31071064669118,0.122317297578664
"272",1.02699314699346,7.78556955159472e-06,0.2735126689863,-2.33666588274256,0.123991570871362
"273",1.03698398223697,1.42129991643993e-05,0.273379833642162,-2.32484779529991,0.124124472019598
"274",1.0295369083099,2.86317923259034e-05,0.262291689367052,-2.34694536505817,0.122241526971122
"275",1.04492777874657,-1.97751026008661e-06,0.260142346069809,-2.35855471297767,0.124170463604859
"276",1.01882133163363,3.65061857824711e-05,0.257082718687847,-2.31453565815489,0.126670795584176
"277",1.02647414391279,3.3644502477939e-05,0.263614321706094,-2.24567652141508,0.119452657807809
"278",1.01723280398346,4.57253003899652e-05,0.262203020873631,-2.32188165150042,0.125676389784804
"279",1.04300205584662,-1.95235449222153e-05,0.264706591294542,-2.3402660431582,0.129523078720053
"280",1.03826547963545,-1.20535463142441e-05,0.261614345139632,-2.43168136557498,0.126966374468996
"281",1.03283530214116,9.95429326652949e-06,0.257829548391193,-2.20650097468371,0.12497054163782
"282",1.0144781354387,5.02760519791176e-05,0.27883214399121,-2.36152454096805,0.126844248247213
"283",1.02814411653076,3.44379395930314e-05,0.262947428029508,-2.32980990206532,0.126382203702054
"284",1.021715424569,3.67748456087358e-05,0.265713607782525,-2.3620590336085,0.122100592397087
"285",1.02245603410245,2.97019329896312e-05,0.256413858097807,-2.27660750784283,0.119908534008292
"286",1.01933333445352,3.39736222657371e-05,0.271686114133339,-2.33496447117441,0.123614518865224
"287",1.02319978049582,1.6856947871555e-05,0.275699283565585,-2.34355470658239,0.119727432544473
"288",1.0199516994376,3.37783499594092e-05,0.268256323890222,-2.29364052867888,0.124121211612833
"289",1.03432871599972,-2.02860656601091e-05,0.257993544319633,-2.24524192934878,0.1299227684606
"290",1.02133948139125,2.91059795276189e-05,0.269779433467458,-2.33248551191305,0.129337442493815
"291",1.03130635171211,1.63711922321846e-05,0.263242716495427,-2.35910858472665,0.123320338584328
"292",1.02682205123153,-5.0546284224472e-06,0.2715309478118,-2.25748780790664,0.125439596464377
"293",1.04306852398969,-1.71424596330184e-06,0.25476945894522,-2.32180401240132,0.121418405647451
"294",1.02851867786777,2.32965875874135e-05,0.266932315733948,-2.26486440730938,0.1294878649738
"295",1.01781487243818,3.93855188339694e-05,0.269946041627308,-2.36451487548545,0.124735940915284
"296",1.04450756835508,-1.24182963100158e-05,0.267258496221846,-2.35067530793901,0.121430178162621
"297",1.03354574203611,-1.00744708642501e-05,0.27317476841621,-2.28522217268279,0.123381287069511
"298",1.02982326921802,1.12570679384127e-05,0.260333948213795,-2.37554378968021,0.129962841255837
"299",1.04596816441111,-2.48458520237807e-05,0.263259907710834,-2.35249491643403,0.125536288683635
"300",1.03834085555435,1.88237882625532e-06,0.267850463107994,-2.35522464496212,0.127630598053806
"301",1.0218664726965,2.30904818078459e-05,0.261128997072166,-2.36561148211514,0.123363688034043
"302",1.03838795526427,-3.14590212840615e-06,0.269165257301809,-2.32307794725214,0.118229347634206
"303",1.02423354602272,8.85936670978527e-06,0.262953394095937,-2.3178857800341,0.123537814300836
"304",1.03469960437526,-1.50784830160465e-05,0.2629008312673,-2.3225154891301,0.126931622422199
"305",1.03808747028484,-1.03957298321584e-06,0.266119507862285,-2.36159343882195,0.12488435897835
"306",1.02382072399009,5.27361181160928e-06,0.268115405959388,-2.35418121466301,0.121004112479593
"307",1.02714064276949,8.03900573376399e-06,0.260319059757663,-2.3067643462373,0.12335736899331
"308",1.03638670407028,1.53759630412018e-05,0.255003839315995,-2.33169132449527,0.121337608999593
"309",1.02401007962481,2.29625262823068e-05,0.263007391135765,-2.29725099044305,0.125389310489545
"310",1.03104557766965,-2.04540439166681e-06,0.259334258002228,-2.297658616944,0.121253760864294
"311",1.03299067198385,6.73231367866917e-06,0.259853762482398,-2.39207301340789,0.121454717795914
"312",1.02483101598331,1.79397794110383e-05,0.282339137258836,-2.30982881155901,0.125338000036004
"313",1.02200403807397,3.48850339681425e-05,0.266584520200923,-2.29982999089927,0.126897602079708
"314",1.02785157068011,1.98414983509742e-05,0.269462657994366,-2.32626213891649,0.127973086541865
"315",1.01482998894191,4.43585429099729e-05,0.269638119486175,-2.31246260499067,0.121557776811375
"316",1.01543438533662,3.95761194198804e-05,0.267149841128277,-2.35342476063173,0.123381029170476
"317",1.02264369153199,2.67065667484076e-05,0.267753287111444,-2.32224192660588,0.122714557641525
"318",1.03693320491938,-1.3514507064631e-06,0.273390379561927,-2.32483190108267,0.124121938421967
"319",1.02163977507681,1.97257019982657e-05,0.2730209184367,-2.31866719729356,0.122675690242648
"320",1.03641081619823,1.11637151394743e-05,0.255143933075277,-2.36943358505698,0.120542961012259
"321",1.03151265190115,1.93521938910895e-05,0.258136742601143,-2.34910690790127,0.123572120011149
"322",1.02541148826543,6.60632288397923e-06,0.260048807803282,-2.35358403228882,0.122081516400938
"323",1.03880691006724,-5.27134799655741e-06,0.259095099766927,-2.33211635865604,0.126211186041287
"324",1.03214221918889,2.09364387981668e-05,0.272384091815912,-2.35857031086287,0.127297022471263
"325",1.0186144361481,3.493147410778e-05,0.258093027698665,-2.27675124975496,0.121017893835718
"326",1.02312109136238,4.33889134399568e-05,0.263762303526578,-2.41730501316235,0.122190027927341
"327",1.02250312603461,3.16550374599248e-05,0.279527398080512,-2.295810255588,0.122333180313041
"328",1.02786172668227,2.83964356210306e-05,0.270322156415545,-2.30592405515532,0.121452957951693
"329",1.0173660133289,4.98244039642354e-05,0.259005401112038,-2.31830171097203,0.120978209397736
"330",1.03005577205237,2.00574189373021e-05,0.25671799882286,-2.27657375945338,0.128611610921658
"331",1.03428143904452,5.17544606142212e-06,0.272296557431317,-2.35517749394443,0.121973536066381
"332",1.01493535864113,5.56124900031948e-05,0.261675874410893,-2.35178480977899,0.130200693141124
"333",1.04021498428885,-2.04345540801298e-05,0.257176696420399,-2.34865213595997,0.122213560438402
"334",1.0420068609281,-3.38999521610331e-05,0.255251791791485,-2.26940491165123,0.123640695261537
"335",1.03169415280852,2.76354965372903e-05,0.261861000147557,-2.27732072575843,0.121305975543216
"336",1.03117649112344,2.37312635990358e-05,0.275074721435454,-2.38659486127529,0.124484215777405
"337",1.02904495070823,1.42313946442731e-05,0.262306147546282,-2.33068468498339,0.125634858251899
"338",1.02176918652466,1.51488554662678e-05,0.272566434328272,-2.32747167198689,0.12829969956773
"339",1.03979634040103,-9.06020135642002e-06,0.264458601459615,-2.31480970461369,0.12004998890037
"340",1.0343522046067,1.44294234765838e-05,0.257970328273936,-2.24527875886057,0.129916803995921
"341",1.02579140391888,1.41155956704201e-05,0.267690339933566,-2.37302106639784,0.127470350929362
"342",1.02871335902266,2.61728308186843e-05,0.266134106873141,-2.3092847872764,0.12231687213264
"343",1.03392412067653,-1.49073253131705e-06,0.263222541392112,-2.25998364478475,0.1223323963605
"344",1.03048083701702,2.11527020611149e-05,0.276101883189332,-2.23678415818814,0.131726585968343
"345",1.02340286786731,3.71937311810505e-05,0.276311754223563,-2.26651306084912,0.126105135190413
"346",1.03846473105077,-1.05063571649193e-05,0.268568970237113,-2.32380015737833,0.129367145713312
"347",1.02017237803366,3.27320464149505e-05,0.269214325469816,-2.3270881493604,0.128438055301198
"348",1.03904324664381,1.05803099479617e-05,0.271455912537844,-2.31512751730167,0.12081804923765
"349",1.03087065570181,6.16643631562695e-06,0.255689688299878,-2.30359129691994,0.120247045463012
"350",1.01841189759024,4.10764324853755e-05,0.276669991913251,-2.27742382010774,0.122628045210996
"351",1.03794205600036,-3.08355562687422e-06,0.26932462154139,-2.28664887556038,0.118766300512135
"352",1.02365458903461,2.96276337312776e-05,0.264482994916086,-2.26272168896494,0.119542432450413
"353",1.0371336204352,-2.5937208511186e-06,0.262773303760533,-2.32600630764176,0.127417957187461
"354",1.03118053374843,2.3060332684151e-05,0.257189796260698,-2.35790421333803,0.129698911735862
"355",1.03063201809365,6.59034256379847e-06,0.276858209192325,-2.3463356546743,0.121594939468212
"356",1.02977799157079,2.24418799041444e-05,0.271123353270116,-2.37643633714781,0.122044687482952
"357",1.03081352076572,1.40468686804996e-05,0.276802857522086,-2.25586308213024,0.13126215551908
"358",1.02609521487414,1.9502507783723e-05,0.265670335238663,-2.29014977890775,0.12254818645911
"359",1.0398541824472,-1.11763000872322e-05,0.266441100288192,-2.37128165372248,0.127434197142298
"360",1.02592605239044,1.33228353378651e-05,0.271471298854969,-2.28948336889002,0.119966626398874
"361",1.03382469006132,1.42078470455007e-05,0.267683336797813,-2.30110003018465,0.123769407341656
"362",1.03440345476627,1.07818225882584e-05,0.262949938464234,-2.29173103043988,0.121378664652619
"363",1.00966004106241,5.17777730959939e-05,0.262552336374479,-2.30359436859401,0.122739110463033
"364",1.01554466790108,3.51774356364329e-05,0.26446374583371,-2.34900292885118,0.124730155865787
"365",1.03340572762303,3.68766144158226e-06,0.265527266559162,-2.38222468791417,0.127968917489798
"366",1.03935636481734,-1.52059650108697e-05,0.267650498096292,-2.33081549908324,0.123743626760634
"367",1.01631026134842,4.51754903623179e-05,0.263424791945243,-2.28720081478884,0.126798755438935
"368",1.02925642101945,2.81132144265677e-06,0.265744674658775,-2.25849037920443,0.122968706988294
"369",1.03026640033196,1.34344833028945e-05,0.26720275442164,-2.38976660548846,0.130450349094073
"370",1.03274378034277,1.4072983682679e-05,0.268673220283686,-2.31417903192295,0.119916957735959
"371",1.02285537443534,2.44851975835269e-05,0.273064077011746,-2.358729131136,0.126789348795103
"372",1.03895204395879,-6.0208254690486e-06,0.264437714460212,-2.33309343242331,0.122277648791321
"373",1.03084607871702,1.24957643102859e-05,0.264962800365143,-2.398136661879,0.124867266678642
"374",1.02379148318377,3.55041201628626e-05,0.266119280644326,-2.27095298720301,0.128576577165291
"375",1.04106865039046,-1.25566442085749e-05,0.261060444050086,-2.25107837643208,0.124197083131014
"376",1.0336300818667,-1.70277937359515e-06,0.277767382210286,-2.31610019752858,0.119281221104962
"377",1.04055809012419,-7.46583336303318e-06,0.275911048888078,-2.30976088878748,0.119667567971056
"378",1.03243110209997,7.97540237020832e-06,0.267462713999926,-2.28426357820588,0.121266194394255
"379",1.03851437177923,1.07514527760324e-05,0.272835266851041,-2.34951297881843,0.119230836505721
"380",1.02548092141915,1.35737815811015e-05,0.266041068549865,-2.3772178300173,0.122105393262734
"381",1.02930057016053,1.90003536865111e-05,0.263464348369349,-2.34102939083122,0.120279499556275
"382",1.02676382266906,1.19270970286832e-05,0.262583885406056,-2.35128645443967,0.12488932846586
"383",1.02311846873889,2.81686616360786e-05,0.272448207589115,-2.32374622486828,0.120259621194289
"384",1.03790483019049,-8.47099475033499e-06,0.270039406210287,-2.30950656569137,0.125429645767671
"385",1.03641896648212,-1.03015250879503e-06,0.258658555681668,-2.32517752698766,0.127426221147818
"386",1.03256383383243,-5.94092579724276e-06,0.259090536801127,-2.26739870987953,0.129415227475214
"387",1.0290473857154,5.16276220025732e-05,0.267478148584135,-2.34093551674598,0.124534650650441
"388",1.02200296262863,2.97279083366421e-05,0.265220188789943,-2.32447009856642,0.127034572300576
"389",1.03400855251719,-7.11195033757876e-06,0.259548187871054,-2.34827609446332,0.126098336691404
"390",1.028707172723,2.21660771602745e-05,0.269417432032527,-2.40765449274921,0.123088288828427
"391",1.02227209166909,3.84782107307016e-05,0.258277417840224,-2.25823224935089,0.127845373192913
"392",1.029703872462,2.29315198781068e-05,0.267278185609143,-2.34043291246611,0.124502874391708
"393",1.03298325053358,1.91528868624908e-05,0.26432857155194,-2.32083709336713,0.124470197133233
"394",1.02960674384981,1.62578021999015e-05,0.269464667581101,-2.29873054754822,0.128516764189157
"395",1.03548246220586,3.06265060085507e-06,0.25495137650665,-2.34140233587439,0.127103331296269
"396",1.02823189396943,3.75936683812195e-05,0.269331421933828,-2.24424857361735,0.121802808415315
"397",1.03037914138604,4.38837648646326e-05,0.276507053855781,-2.36132539343283,0.126105483780156
"398",1.03295275629115,7.42961350334974e-06,0.265635608148627,-2.33088802938969,0.11880174604936
"399",1.03128944264542,1.33415831172716e-05,0.261751351876333,-2.33729735795463,0.120586778205537
"400",1.01330871979821,3.24834382685146e-05,0.261489235137586,-2.3148739368212,0.12653323117227
"401",1.03658769143929,-2.07272864398375e-07,0.258991506482613,-2.29550823027475,0.125158295103773
"402",1.02853081294764,8.24071310401374e-06,0.273159094239595,-2.34298820262365,0.12275505463448
"403",1.02791041160173,1.04189801596712e-05,0.263409498819219,-2.30567682051626,0.12427849153907
"404",1.01689108115662,3.07771919081738e-05,0.274182233691474,-2.30340150530488,0.121132568329249
"405",1.03364385313273,2.20588683958494e-05,0.277998984030089,-2.31799051542143,0.125947149005951
"406",1.03646182383366,-5.82813419101057e-06,0.277704895177368,-2.29447398773058,0.130555757905388
"407",1.04066904290029,-7.23409588768521e-07,0.271975610013785,-2.24546485026799,0.126385923968026
"408",1.03176681578224,6.89461819278888e-06,0.27293109306013,-2.38889442544461,0.119614366040408
"409",1.01359664711385,3.99808378703577e-05,0.271596630768083,-2.43233423209957,0.124805406844052
"410",1.02061206276945,4.28696580365334e-05,0.274231167248462,-2.29322824335765,0.12586490806522
"411",1.03538043643296,-1.46255166721026e-06,0.264157838122692,-2.34329476117651,0.129022801620925
"412",1.02011645409572,2.54806149528648e-05,0.276879166943989,-2.30716987961826,0.123977463039879
"413",1.01190383367816,4.79797768945114e-05,0.277004920907026,-2.38083707305817,0.128912090846742
"414",1.0299744457978,1.17039035428971e-05,0.269214341302488,-2.29295987016674,0.124646284695991
"415",1.03541540241037,1.40391484045568e-05,0.270478278981051,-2.32948704867198,0.117902284045719
"416",1.03745256951977,1.4065918017619e-06,0.275828198340581,-2.36392231254994,0.122893413336644
"417",1.01901971396286,4.19521353032902e-05,0.262314234692646,-2.30877928107032,0.122135949606991
"418",1.0119073690927,4.96219607351711e-05,0.264869512004281,-2.36275384733579,0.123843109138336
"419",1.02409125661618,2.07464841802955e-05,0.267636778151117,-2.33845731050954,0.123906006703588
"420",1.03475154361762,1.26443134448723e-05,0.271201939265628,-2.25468856520307,0.122956377471849
"421",1.02211118322807,2.21454495798137e-05,0.27332299922108,-2.35034497710439,0.126595729642153
"422",1.01665234368632,6.3067025706314e-05,0.258595319983624,-2.36644464438825,0.126456212199954
"423",1.01473442426894,1.97463660896451e-05,0.264657447038669,-2.31236394517965,0.122361436825597
"424",1.040865261632,-1.55028662956236e-06,0.273241064311044,-2.30115499030593,0.127134311019959
"425",1.04153487836076,-3.69186625946085e-05,0.274696390205092,-2.31686835385312,0.130477561096296
"426",1.02304006651282,3.21600533962012e-05,0.264711623226783,-2.33963689480297,0.121827394377319
"427",1.03411844984219,-8.15128648053476e-06,0.283302104587453,-2.3172362896256,0.126599350574791
"428",1.02495648715189,1.39839739004017e-05,0.257611010308898,-2.27984498535925,0.119388156063254
"429",1.04269254425763,-5.14374612485265e-06,0.265889501136524,-2.32661716337349,0.120834697559363
"430",1.02784360627335,1.18725774673816e-05,0.264078959747945,-2.29281086206208,0.127053491389473
"431",1.04692249903518,-1.29068431450022e-05,0.268668622446207,-2.2940081610885,0.12543940435746
"432",1.01600073719396,4.77547440045684e-05,0.269814576937152,-2.34847869124747,0.125967882902987
"433",1.03554777227579,4.28861502261033e-07,0.270812375802549,-2.25260501381881,0.122044963962654
"434",1.01764397298839,3.95696136940283e-05,0.271593185673258,-2.34806617625528,0.12981836369453
"435",1.02556425599371,2.09096333470816e-05,0.262638887327948,-2.29545988142454,0.118500616273226
"436",1.02966114723137,1.16508007662798e-05,0.281495810846446,-2.3285850119578,0.124948436941376
"437",1.03344043136656,2.75823613080177e-05,0.261025860787037,-2.36046990330437,0.120586405733074
"438",1.02436281261191,3.59065229022528e-05,0.267188164899169,-2.28800345747862,0.12381794962599
"439",1.02326186991548,1.55698948470971e-05,0.274949119085134,-2.2543636470499,0.119734759967289
"440",1.02887563820881,2.47952961259062e-05,0.281792707293141,-2.29079053471091,0.12517986490115
"441",1.03388924177664,-3.70160973374481e-06,0.256669866246636,-2.29228336460792,0.121645997203185
"442",1.02055828470604,2.99866346543812e-05,0.260893072497585,-2.38276241716729,0.122295434132585
"443",1.02229682088924,2.77008720594733e-05,0.268189251523759,-2.36357360274086,0.12349824959385
"444",1.02343455681964,2.00327396300251e-05,0.269138556491494,-2.38526808915679,0.126703429213567
"445",1.03890850353171,2.54327198121098e-06,0.258548866840003,-2.26757508744123,0.126505294385256
"446",1.02600003521926,5.27095918167987e-06,0.264047195185861,-2.30243906156578,0.125093807669737
"447",1.02239099042385,2.39768050439624e-05,0.261534961531797,-2.37710098183324,0.122433052212485
"448",1.02678853655472,3.79120678007572e-05,0.275303635064109,-2.36814388228243,0.127810933025465
"449",1.02678167367331,1.9400912494511e-05,0.261717969926191,-2.35230813192956,0.122876073319135
"450",1.03002272525894,-1.53560557406602e-06,0.258752988089913,-2.35112552054967,0.117217603156043
"451",1.03662694931959,-5.55535703831726e-06,0.27097956729561,-2.23106788951885,0.126126728788462
"452",1.02177209328912,3.60489301599994e-05,0.265575715610489,-2.34395273198919,0.12363969258002
"453",1.01816691089647,1.39889342366593e-05,0.257989773518945,-2.34064576649256,0.127654687947822
"454",1.02855909446136,1.86244159646624e-05,0.260467674641187,-2.41672896996614,0.128500682646438
"455",1.04808259962128,-2.08224976975666e-05,0.266884438681706,-2.27796318427348,0.118910974980419
"456",1.04317284807089,-2.46622373146308e-05,0.274488233137311,-2.32968121635615,0.120681336509845
"457",1.03997586903681,-1.10908746291693e-05,0.262632397867913,-2.33212830150698,0.131103824722704
"458",1.02010822726105,3.02863581079804e-05,0.260746506359372,-2.30228182993062,0.122464239037146
"459",1.02143050833439,3.7841294600967e-05,0.276152902693022,-2.35580676306676,0.117495041175466
"460",1.022762046388,1.9935016587011e-05,0.274158297366854,-2.36562829375971,0.125343477390017
"461",1.01677416245995,3.87972551794695e-05,0.270055139801379,-2.35953356351097,0.120186285909189
"462",1.03250386425785,1.99522235923444e-05,0.277699374066302,-2.39215491835754,0.126828679605349
"463",1.02616453965407,3.02326594209425e-05,0.267296665695977,-2.21493267359647,0.126468124483157
"464",1.02290405955824,4.80675192711229e-05,0.263787223337083,-2.34605938497195,0.124443890125908
"465",1.03846502099373,1.7999723831348e-05,0.269370410748599,-2.32487889927657,0.118071369701758
"466",1.02783243729826,2.95226950195619e-05,0.26079734612482,-2.26610122785745,0.127735433904496
"467",1.03427268556907,1.51338269665773e-05,0.267429956458012,-2.2942604260431,0.121180123060816
"468",1.03887565677728,-1.08956866396188e-05,0.266708581355393,-2.37523115755987,0.125458468129798
"469",1.03195064661844,-3.59986818309539e-06,0.265435791398311,-2.41962084606992,0.127231030901791
"470",1.03920877101173,1.03257920374983e-05,0.265429421154116,-2.34326865235633,0.125012863655428
"471",1.03798353396173,2.02167528153905e-05,0.266730624026724,-2.25622854299808,0.122057682212394
"472",1.02678219455002,2.09071646957518e-05,0.266202606246535,-2.30133565981019,0.117743735658237
"473",1.03600925461261,-4.59925880341658e-06,0.272885811333619,-2.34492646004961,0.126235123396128
"474",1.03491369003004,2.08277184026479e-05,0.267670008537296,-2.29123501455769,0.126144284852466
"475",1.0275259064764,6.96708591595081e-06,0.270527955203869,-2.30425709582303,0.124519438838208
"476",1.0258743827239,2.0535944198007e-05,0.270198017356942,-2.25352736289588,0.120207286187352
"477",1.03129210162696,8.17954234408495e-06,0.270539087579819,-2.28385839351459,0.118040221077896
"478",1.02192415828735,1.56479310192221e-05,0.273807776333563,-2.36066247786987,0.125809245470224
"479",1.03847565578356,5.60083955485935e-06,0.265686350462294,-2.3632321060648,0.126207537156685
"480",1.03487668715744,6.81321684544618e-06,0.267519179302831,-2.31460776662608,0.128113200042226
"481",1.02560596001437,1.10579032221563e-05,0.259611272641101,-2.33600761446999,0.132140955020713
"482",1.02896669807601,5.70297200705147e-06,0.271269094859152,-2.32520415787058,0.123266475512848
"483",1.02593999254024,8.84995844606294e-06,0.268121140372875,-2.37373099961028,0.124789725207545
"484",1.02172039810379,2.9466435532383e-05,0.275469649560562,-2.33659450115704,0.119841797401316
"485",1.03523507190118,8.45497958399073e-06,0.258083523236783,-2.37039037676322,0.12308916125646
"486",1.02421281816475,4.04118381111763e-05,0.267761841549551,-2.26255855560939,0.124098078067585
"487",1.03717581448992,-4.18645981049522e-06,0.257789619531141,-2.37714241171368,0.121788714133917
"488",1.04526854234238,-9.26008039743059e-06,0.261321291717673,-2.31724109961835,0.123239889523574
"489",1.05900390822696,-2.87543250947562e-05,0.2684455527237,-2.30504774365501,0.120661165500783
"490",1.02770083969876,3.26032112552397e-05,0.268925508115855,-2.34775286625839,0.118952972121236
"491",1.02577222334739,7.61847684925067e-06,0.260597997342224,-2.29763527639102,0.127778950760316
"492",1.01966144016121,2.4085663463003e-05,0.265530228064691,-2.33512851890349,0.124297159692977
"493",1.0213997020895,4.31205672872921e-05,0.258089357516704,-2.29095332651882,0.126114578860607
"494",1.03669551376849,2.72756911450196e-06,0.25723932140031,-2.26970955129506,0.120037405566804
"495",1.04085733720697,-9.38816240041563e-06,0.262287803071232,-2.30023843631817,0.122344454531614
"496",1.02459220580555,3.27534434530948e-05,0.28067022088527,-2.36220294648837,0.121756978394294
"497",1.01962918601022,2.82420563726603e-05,0.266288025174583,-2.27442957636645,0.126526429803932
"498",1.0132856332455,3.64158607498276e-05,0.263718325294777,-2.33557253360916,0.122716310600923
"499",1.03251683653409,2.52291490769246e-05,0.266355590980325,-2.22211653649299,0.122417035609581
"500",1.02211734900148,5.06819244688606e-06,0.264142080072436,-2.31519032767008,0.122092281347693
"501",1.0302483404438,1.86033652402587e-05,0.27112992295372,-2.37512621847541,0.122043818335979
"502",1.02052353754651,4.71929899794169e-05,0.257343140091655,-2.27696053414829,0.122650024612919
"503",1.01898237925536,2.80637901743238e-05,0.260209807818862,-2.29348619737093,0.121154864958616
"504",1.02369110726272,2.51244347117624e-05,0.275120827229775,-2.35905346889352,0.123003068590842
"505",1.03252753485094,5.97048892400007e-06,0.266529738460566,-2.37983307722692,0.122805949394508
"506",1.01662154311121,2.1632174453131e-05,0.269306743110007,-2.25545152717103,0.125966553241042
"507",1.02703792504011,3.04893459614179e-05,0.27901765719976,-2.29591260073338,0.126119638796357
"508",1.03219084568667,5.10986481696058e-06,0.26510496540378,-2.26634716706305,0.11817267203462
"509",1.03161287780468,1.91259936260868e-05,0.274199470810426,-2.29737590116553,0.128254163667923
"510",1.03846544471136,1.54881914620229e-06,0.263191723276322,-2.28516238513518,0.121225782997057
"511",1.0218926113113,2.37247535415094e-05,0.263442019067779,-2.28834624470116,0.118567960509248
"512",1.02763030714911,1.78276863943963e-05,0.261146244980573,-2.31168128333552,0.123535869546623
"513",1.02846333528251,7.63511823182765e-06,0.266883544577299,-2.35630673510256,0.122925007672068
"514",1.03079069335347,-9.40743994329922e-06,0.271157702380765,-2.33174194669374,0.125157566679795
"515",1.03033314544543,2.71766919435419e-05,0.268457934968842,-2.33708831423479,0.12096386020376
"516",1.0358928006239,1.22306678624343e-05,0.264980379374638,-2.31837223370329,0.122326544401481
"517",1.02361565237089,2.00760724677334e-05,0.269023928289073,-2.29035859064704,0.123250598715142
"518",1.02307486481315,3.29684933725641e-05,0.259191516236815,-2.30571680092023,0.119477140419105
"519",1.01717470419119,5.46593219133109e-05,0.267018624271729,-2.33382945210741,0.123392886107768
"520",1.02955065303501,9.1518389244431e-06,0.270304282396527,-2.35339742051063,0.122180746131622
"521",1.02505345538853,1.22799331255594e-05,0.266599453798477,-2.37781604258144,0.118580113087398
"522",1.02208491757331,4.02843445412128e-05,0.26992979935693,-2.31119322454286,0.124836162005551
"523",1.02645408269417,3.94742562313029e-05,0.258763555506048,-2.36483800531009,0.124077975523495
"524",1.02518162897626,1.88410536662957e-05,0.27209087524871,-2.30960679452904,0.124382060314558
"525",1.02227151864631,2.49873125684326e-05,0.258062114704794,-2.35063049124344,0.123213755914185
"526",1.03448877345531,1.39907313566273e-05,0.273149085304958,-2.29713110872569,0.123034041293896
"527",1.02744010163561,3.47806714747094e-05,0.259217007103377,-2.4006430107765,0.124699086434715
"528",1.03366352691614,9.24278904493312e-06,0.275000104477102,-2.39879358799432,0.124371027900867
"529",1.0402584457422,-5.22900790645071e-06,0.257302565948062,-2.34817152559607,0.122177114164222
"530",1.02575787636598,-5.23817249507046e-08,0.269601153080516,-2.33304136507834,0.124184585158292
"531",1.02394770482636,1.94257721457184e-05,0.256048273041243,-2.2746261868182,0.125903829072129
"532",1.03014116423442,2.57770608329626e-05,0.274705234765264,-2.25333292544553,0.127682776626934
"533",1.02801292529547,9.71185066223508e-06,0.27101898328298,-2.37429196623954,0.122248763904228
"534",1.02005706800417,1.55048530111603e-05,0.251879279570869,-2.36735272173862,0.124604728890556
"535",1.03634137214269,1.48706998687548e-05,0.260414187551661,-2.32079360800008,0.123181632280414
"536",1.00887628787264,4.61184342123264e-05,0.260159866655122,-2.28778863231542,0.127249382592681
"537",1.04205418415651,1.08621161996675e-05,0.268771850909946,-2.40894336881918,0.124506510579529
"538",1.01978471036059,3.13721639626317e-05,0.261166800745005,-2.28696685604155,0.123220814504845
"539",1.02472004150259,1.88238760161767e-05,0.269153404024278,-2.32437819257447,0.126005723181477
"540",1.01819819460139,5.54831366852372e-05,0.268862953258788,-2.32946235092066,0.124817617732256
"541",1.0362950317112,4.44933254744218e-06,0.269677517095519,-2.35109212893719,0.123646587675105
"542",1.02797080056933,1.5966510601488e-05,0.274762452967889,-2.39069762389086,0.126083329051672
"543",1.01200416032539,4.35683062813841e-05,0.261915098500397,-2.33216349951094,0.127826165319632
"544",1.01528683018999,4.83161178121909e-05,0.271445833639741,-2.37705805998667,0.124955477495572
"545",1.0254335657977,1.25946769088587e-05,0.255702200970472,-2.33605498511177,0.120532500918126
"546",1.02564056734028,3.55703595294279e-05,0.261668961354449,-2.35728054412956,0.127657861609597
"547",1.03729882499488,-3.94374008329612e-06,0.267623325700738,-2.31189213051012,0.122000293287069
"548",1.02348627620931,3.85333118705548e-05,0.250853515905015,-2.31711705362534,0.126477228082632
"549",1.02991342596612,1.41344605176153e-05,0.261580690801737,-2.29091446957055,0.11897569305038
"550",1.03719772924528,1.19680907540119e-05,0.270594266700941,-2.40147931013266,0.120336986669679
"551",1.04142597917785,9.24344903017971e-06,0.26129966664613,-2.36993870308951,0.124576389045422
"552",1.01739023848586,4.50658627279648e-05,0.264562817296359,-2.28261519528637,0.125925492583156
"553",1.02066177628638,1.95258924544561e-05,0.260924956359895,-2.28728662158227,0.121930973926558
"554",1.02699510040921,1.5878136649979e-05,0.279745497498181,-2.31271076229962,0.120501059841534
"555",1.02507839147615,3.65830690159754e-05,0.277269706036268,-2.35533077017906,0.128781617770175
"556",1.0216198210667,3.31614899505048e-05,0.26167670467351,-2.35823004577913,0.123811698438534
"557",1.03418288866101,-3.37393921304657e-06,0.267397985700783,-2.30832854209922,0.120439716606715
"558",1.04464635678634,-2.06184711407932e-05,0.256315461089203,-2.29816861501508,0.122026093732872
"559",1.04532931551095,-8.88359364185839e-06,0.263928461247489,-2.24163191618734,0.126589628876515
"560",1.03021007439381,1.37255025282577e-05,0.265678288875217,-2.38365060175291,0.124017829513861
"561",1.03025837014109,2.16430258118812e-05,0.265716320779119,-2.34485540348428,0.12458421670501
"562",1.02823222827052,1.06293404524554e-05,0.26321321008206,-2.32718619394233,0.126157541709677
"563",1.04105009064605,-4.93257071905543e-07,0.261343275168369,-2.27452127513905,0.119894738225776
"564",1.04367680467914,-2.66826390281219e-05,0.28041616276012,-2.32980764222448,0.118784266711046
"565",1.03259255479214,2.92056448283638e-06,0.262256985736117,-2.26121602399531,0.121804502641941
"566",1.00276746853283,8.37164452389302e-05,0.264559531943427,-2.29404092540913,0.119782049552143
"567",1.05514069522301,-4.42428531116315e-05,0.274124982790342,-2.32786108134583,0.127263008965151
"568",1.01135033162947,5.07006741822007e-05,0.255161879346505,-2.32974999661042,0.119062799436299
"569",1.0393989833573,-1.43701749916203e-05,0.282204669313326,-2.32892066854458,0.125561365871752
"570",1.0200484640683,3.41377963855985e-05,0.274767475965114,-2.35822839617182,0.126949061569517
"571",1.0341517460919,1.01733232345747e-05,0.260829857717399,-2.36159349790472,0.125665828094205
"572",1.02663425096356,2.24488875756882e-05,0.269625545558911,-2.28056650668616,0.12445105083823
"573",1.03247822322862,1.82177446423034e-06,0.273667189375673,-2.28675630784734,0.123071228105052
"574",1.0251406556143,2.84011817922916e-05,0.263133330992957,-2.34112379427633,0.12273719343444
"575",1.02042110193343,4.18135121565037e-05,0.263980814897001,-2.2479633410513,0.123890991228972
"576",1.04166744696367,-1.58672137150657e-05,0.262311635483254,-2.30120655824939,0.123315865595399
"577",1.02402554174952,4.05090430712498e-05,0.270823014007585,-2.27380011287706,0.120744252384695
"578",1.02624788665576,1.78162872084814e-05,0.260650078136523,-2.33626803855213,0.124789857613853
"579",1.03705427519814,3.01306216245486e-06,0.265688552967343,-2.33032248596815,0.125926701984852
"580",1.02723303888764,1.62776281810143e-05,0.271907559846684,-2.39925875700592,0.124370668535814
"581",1.02135562871764,3.29689279470758e-05,0.261885296724578,-2.28657830943465,0.12033258510993
"582",1.01830875208915,1.84006442341109e-05,0.268763281055227,-2.34901586636896,0.123426813884395
"583",1.0490719601923,-2.5044438381619e-05,0.271353682029799,-2.29136045278912,0.13073981761847
"584",1.04419650950006,-1.67386654830422e-05,0.266726675230759,-2.2771176049752,0.119814942189342
"585",1.03455848115905,4.4363206370846e-07,0.268198114217855,-2.33614810624706,0.126599365589584
"586",1.03080936662047,2.79091333084577e-05,0.262379913319072,-2.3475101380074,0.124633634964234
"587",1.01550085304191,3.6125464287158e-05,0.275993291444994,-2.32959517639824,0.120070571230341
"588",1.01596368465777,4.86007117228665e-05,0.261467011709208,-2.29276388261969,0.122884414569941
"589",1.01741332298549,4.44331165319114e-05,0.270812648187911,-2.33856403046943,0.126892021017952
"590",1.02416500032403,3.53043132765257e-05,0.270736887466935,-2.43463623230404,0.12343552072031
"591",1.02437069419116,1.60805464434103e-05,0.269605806000359,-2.38031481730491,0.127408003415324
"592",1.01449378126832,3.29330195150926e-05,0.275503055009245,-2.38322981046233,0.125268278327341
"593",1.03677505022942,2.09294473831686e-05,0.269703801287237,-2.38674254625593,0.127425766766493
"594",1.03127625683029,2.24080574916035e-05,0.25954886075326,-2.30583400191004,0.125746777935253
"595",1.03009913550374,2.58831083552548e-05,0.268263834401979,-2.32463233915714,0.125609557597645
"596",1.02930600670784,9.67143386000617e-07,0.254516917456246,-2.3625118297518,0.125005927416554
"597",1.02925720681296,-9.50833539435171e-06,0.264264267006451,-2.38885430258919,0.124255622508387
"598",1.02875215213365,2.01195460047319e-05,0.268073397840605,-2.32308608449877,0.127098436410482
"599",1.0276339971154,2.00185897713405e-05,0.265034812747654,-2.34477108454222,0.123559145470274
"600",1.03772626822784,-9.97874030099116e-06,0.263953593927132,-2.35015172263137,0.122238020872193
"601",1.05343793499909,-3.10818313467565e-05,0.265893582488457,-2.3315793083879,0.123958304168416
"602",1.03442936113792,-5.44292312349559e-07,0.266891395234421,-2.3088127671197,0.118717506305919
"603",1.04223714220388,1.05534447460524e-06,0.268475809770662,-2.31566367634229,0.122596957513172
"604",1.02472808219016,1.83719965548213e-05,0.270217919304348,-2.329906623684,0.120422932150626
"605",1.02435055587823,2.82579638095393e-05,0.267954473096518,-2.3697236584095,0.122487841098828
"606",1.03471284832169,1.2486951309554e-05,0.267909323611975,-2.29439389879572,0.124519556445525
"607",1.01360427065664,4.71514947610126e-05,0.280620721799882,-2.32744879885935,0.126922912058604
"608",1.02701387581706,2.49307589534081e-05,0.263447836133492,-2.24255789986051,0.123192720469461
"609",1.0201473073067,3.74401613076222e-05,0.264294483289558,-2.34123284699972,0.12380956744534
"610",1.03935344593688,5.3794966362717e-07,0.272309456764098,-2.32607365814148,0.125163439816667
"611",1.0145485948768,5.09326237772796e-05,0.262297765172195,-2.23718569521016,0.123608523625807
"612",1.04275311544778,-5.84636308147096e-06,0.262227944741713,-2.35624024839666,0.117190418578668
"613",1.03949257198748,4.57722357388381e-06,0.26257273760905,-2.29828538233471,0.119587990162324
"614",1.02864574024767,2.40702954736605e-05,0.264555063448956,-2.28064486646647,0.124123622412938
"615",1.02988604451063,2.14010946557359e-05,0.266955330447426,-2.25854749686112,0.123701389408699
"616",1.01296340246527,4.72765872481228e-05,0.267658902794687,-2.25715354054616,0.122192930239565
"617",1.0348642377432,1.52649235920092e-05,0.264594048621553,-2.28332425747948,0.126022629116026
"618",1.02671729550837,2.6962155492477e-05,0.262437988612236,-2.34929205929314,0.127492313394777
"619",1.04510651794711,-2.48341389356762e-05,0.261950829238702,-2.27789971726844,0.124898524024427
"620",1.0248579220885,3.68897147294691e-05,0.262777988436106,-2.34466379659779,0.124452212740087
"621",1.04246992665138,-1.93141722033207e-05,0.261295497497278,-2.27948846507953,0.121072016600346
"622",1.03560758147821,-1.06862460454439e-05,0.265545962253977,-2.30471340397487,0.122098008530755
"623",1.02303685714097,3.53309396927483e-05,0.275786162711709,-2.33236819690499,0.13162533016866
"624",1.03306296479596,-9.5071987587827e-07,0.267832477149636,-2.43414997268259,0.127630460019708
"625",1.03059074021145,-6.26055772270474e-06,0.262583703463834,-2.34036183201948,0.120991448927409
"626",1.03073114682697,6.75386223438707e-06,0.267164186037825,-2.2236425895312,0.121660706739255
"627",1.02343361339316,2.11331805095346e-05,0.273648250266805,-2.29833136206219,0.12256760503592
"628",1.03303095136253,3.25297576193124e-06,0.274245433458631,-2.21126423275213,0.123463125868935
"629",1.03631575005613,-3.88089469061373e-06,0.258152559934679,-2.2616930857774,0.122143900656412
"630",1.03121570385362,1.22723971321658e-05,0.286431753121951,-2.31007273890055,0.126360351292715
"631",1.0310218183778,9.66142183122929e-06,0.267236276609853,-2.2996672104869,0.126749474011442
"632",1.01413152786569,3.43666558912781e-05,0.271948477571647,-2.30827707428984,0.123443404932413
"633",1.0367898203974,-1.46687240369677e-06,0.273082254457272,-2.29468030404997,0.12231642470389
"634",1.03461284145737,6.09051863994024e-06,0.275973283824771,-2.36438416263395,0.129601202397569
"635",1.02886164801356,7.06894589312187e-06,0.272501352476223,-2.31015126631935,0.121763179757963
"636",1.04489209679562,-3.07898461804957e-05,0.260876970483454,-2.32822378181693,0.122987613563774
"637",1.04686076531272,-2.15427192859437e-05,0.263987723991112,-2.28974562499435,0.127235299945008
"638",1.02158636344823,2.30589918240367e-05,0.260474205315481,-2.25908222785757,0.121210597023809
"639",1.01890179965582,2.1138268992524e-05,0.274093670455927,-2.25395230992578,0.125380236342283
"640",1.02308431031943,2.08046778786694e-05,0.262780038665533,-2.34029970081654,0.128434687322465
"641",1.01750976059001,4.55850979051168e-05,0.268213765660254,-2.33386808007262,0.127987638935541
"642",1.03719937178407,1.13998299419133e-05,0.260361994958298,-2.30155076360633,0.121322508525427
"643",1.01780515946519,3.47118017653921e-05,0.269888906189412,-2.34562085070249,0.124231012175195
"644",1.02253276358372,2.74840440928884e-05,0.272343495061956,-2.24598620486749,0.122084281301874
"645",1.04907076123879,-7.08534413955937e-06,0.262556155312059,-2.3264654378982,0.120975435019892
"646",1.03244658508888,2.47819939456283e-05,0.258079226056641,-2.34011417720442,0.119752070360684
"647",1.03515058951075,4.73779358742345e-06,0.262213715633418,-2.24855104364437,0.123739003820506
"648",1.02822961172653,1.08230870386849e-05,0.267660647392906,-2.31154028976437,0.118283541534743
"649",1.03115270402186,6.50607243395279e-07,0.267973506202723,-2.41728770274128,0.125373413752365
"650",1.02800519852121,1.67495176475721e-05,0.264918669566705,-2.29909397073161,0.119931385270403
"651",1.03067230667507,8.3206806480626e-06,0.270747347361358,-2.37860939518304,0.123198018635702
"652",1.03225464814091,6.52410654153282e-06,0.258305203062696,-2.2940847586311,0.124012472950813
"653",1.03398688262454,1.3913820419212e-05,0.272974615366665,-2.34138574792081,0.125495115825207
"654",1.01790879501112,3.14355079296613e-05,0.260145648609172,-2.27000081926556,0.121264590934498
"655",1.03053533526609,2.32185095757471e-05,0.267275527451781,-2.30578600051876,0.124576586674707
"656",1.03354845798615,1.630961453265e-06,0.267529836799852,-2.37694275683753,0.127307612094916
"657",1.02060061262614,4.18311492105208e-05,0.269701131950543,-2.31579504726558,0.1262873685129
"658",1.03133922628439,3.20607439453021e-05,0.264080794666302,-2.36494086444286,0.1244240208131
"659",1.01826555717432,1.7626530625374e-05,0.268890300296925,-2.3297587745902,0.124803500715924
"660",1.03513737694066,4.29551787784319e-06,0.254700812064807,-2.31727888731257,0.127614186929259
"661",1.02617313809211,1.54606784089221e-05,0.262600678231265,-2.29429587159202,0.123134552426514
"662",1.03320284448828,1.5614675677417e-06,0.263071312302093,-2.31274027865333,0.127052568037795
"663",1.02200036725111,3.41651836488163e-05,0.268192147193712,-2.37959038925721,0.123049479906013
"664",1.01192296978119,4.38366273664726e-05,0.269893858842625,-2.3216566977862,0.126658872035413
"665",1.02176080598449,4.0406450384125e-05,0.259671596627552,-2.28950693695981,0.126825827945391
"666",1.01924478679584,3.67734698633335e-05,0.266134146135245,-2.3634480768572,0.124221772745298
"667",1.03271646855905,4.05312073515653e-06,0.277704852414525,-2.30872089475976,0.122833665804284
"668",1.02219835797435,3.2745349528655e-05,0.264766405090987,-2.37821301013501,0.128834494560193
"669",1.02375177120637,1.6581795794643e-05,0.274696018275261,-2.29421353787595,0.122530157083166
"670",1.02372901998652,3.22455022674474e-05,0.270051679218436,-2.34539683893017,0.127034419349601
"671",1.03947630485231,-3.37764566856096e-06,0.261352267670211,-2.26231130431695,0.120639594527754
"672",1.01499996340471,4.50617552211728e-05,0.263129958397082,-2.31301722872373,0.12470357856898
"673",1.02808139524887,1.03499189330428e-05,0.265392644446524,-2.33401345161785,0.125920254429076
"674",1.0366011400188,-1.42247300504431e-05,0.262082292532142,-2.38258087569435,0.122625544207872
"675",1.02498563663318,1.99813584603098e-05,0.276868627715037,-2.35088004387527,0.125748901144717
"676",1.05009543666359,-3.73024638531433e-05,0.268236068954705,-2.29155470808163,0.12256790139137
"677",1.04149131051134,-9.9064058035294e-06,0.277934412804319,-2.3372260814578,0.128526928311717
"678",1.02386412623291,3.68589686052835e-05,0.260575665005614,-2.36481225734357,0.124725997452065
"679",1.03442917432884,8.11931192844637e-06,0.273486663126979,-2.33016088793835,0.123531458433664
"680",1.0383951846802,-6.59947771662443e-06,0.267192395097974,-2.30710323073862,0.127055592202103
"681",1.032679735164,-4.88833074733854e-06,0.268832589666223,-2.30530042620183,0.118876027926815
"682",1.03140187839341,2.1805231492358e-05,0.263295630305701,-2.34817559715243,0.122233475992759
"683",1.02750532719017,7.3135138315353e-06,0.273465655905533,-2.29515298484867,0.125807590847329
"684",1.04741552675633,-1.16254786927712e-05,0.263318163031613,-2.31825993670511,0.126109658037991
"685",1.02779927079242,2.77051698913605e-06,0.264995087567342,-2.35959296326909,0.121293179701992
"686",1.03867279472099,-7.68919899230869e-06,0.254828565990671,-2.34805695871865,0.122023925954306
"687",1.0395998656331,-1.4624064218307e-05,0.26378011008535,-2.36736310781925,0.123939268242767
"688",1.03082151919175,2.62319154169003e-05,0.265907184332423,-2.31964804112036,0.117490731371942
"689",1.04168776421485,-2.26691519391476e-06,0.272988565275582,-2.32572671794618,0.124329518944237
"690",1.00501125211214,7.59400097604611e-05,0.262687164229328,-2.32876343634857,0.121814327489315
"691",1.03563786563575,-7.24503374790504e-06,0.26488298190152,-2.3223242513001,0.128581619794825
"692",1.02854589065363,2.02535102670473e-05,0.261875463258553,-2.39733084174104,0.122048201742298
"693",1.02588784756917,1.38302164882371e-05,0.255777576751836,-2.27094109099172,0.118687192544596
"694",1.03617551151574,-1.02113151172076e-05,0.258818457622719,-2.27363624103677,0.123755314226036
"695",1.03465196392379,1.13660174383341e-05,0.259866631156423,-2.38558974503368,0.12508938028834
"696",1.03573360567297,2.85818551413424e-06,0.268971816430416,-2.27419799333253,0.118258042684896
"697",1.02324736542453,3.03522297411408e-05,0.259201377335027,-2.33032526813086,0.124074580001668
"698",1.0309119178824,1.21762480477298e-05,0.262008552741356,-2.27810135535465,0.124782052935663
"699",1.03911456626944,-3.461594363554e-06,0.264601300491601,-2.36502108193594,0.127587324720287
"700",1.02425472360594,4.8038555557317e-05,0.261373952799803,-2.35673520006702,0.128430460963369
"701",1.03096039133184,-1.50671688030602e-06,0.282721206819455,-2.30156076234125,0.12481392412714
"702",1.03657627727487,8.39752202935826e-06,0.260072085283811,-2.27477500902851,0.129193497344665
"703",1.035534333789,5.50721512920389e-06,0.269405134441229,-2.27599386932698,0.126267523178979
"704",1.04208415146746,8.24540212675167e-07,0.258513030408366,-2.3607802205843,0.126237285899772
"705",1.01997719487979,2.81930720185778e-05,0.260098209200601,-2.41825566084766,0.119119247586055
"706",1.03286713372624,1.75084616708607e-05,0.263590080944648,-2.33251916768713,0.129418394470824
"707",1.02811050745265,2.55462491609964e-05,0.266597077290735,-2.39031817120034,0.121763797666807
"708",1.02978811590201,-9.79228660056775e-07,0.256237503107673,-2.30134188593492,0.120610132222055
"709",1.0303859583065,-1.55394377502493e-06,0.281008457398361,-2.35670226658866,0.122865036328614
"710",1.0339655405307,-6.48984142188685e-06,0.256951982439224,-2.23876401599458,0.124764648385666
"711",1.03127015050958,2.88547345451232e-05,0.261051217554297,-2.30410309391686,0.128089331045805
"712",1.0262731555257,3.09211722792825e-05,0.269272241915157,-2.20654043556681,0.126454601630407
"713",1.03182758472127,-3.30024443458636e-06,0.27287446248509,-2.34158874152434,0.119889263024455
"714",1.02488541659126,2.29067243557527e-05,0.263828400003557,-2.41540839877078,0.124764255572868
"715",1.03043463387337,2.86766354533132e-05,0.268307296251128,-2.41522769974437,0.122191052224591
"716",1.02812119754104,9.3346625234797e-06,0.26429174858551,-2.45123392143342,0.121215014037296
"717",1.03603251010147,9.38813880046543e-08,0.263621046521333,-2.25483356879241,0.125536902243148
"718",1.03783396096302,2.08572456055544e-05,0.27054623864493,-2.303964377997,0.122156379183863
"719",1.0313803768059,1.12030630397751e-05,0.263269024266804,-2.34817644282504,0.122235042135028
"720",1.03376005989007,-1.77392176651209e-05,0.268989258783187,-2.28685206817371,0.12431509641242
"721",1.03173122177839,4.65754030490503e-08,0.271782163854465,-2.31338483073259,0.122643771270934
"722",1.01840668219211,4.8503640356827e-05,0.258655755778896,-2.33699844837688,0.126104435200659
"723",1.04095582670842,-1.35245708598196e-05,0.262779600361063,-2.32107925990973,0.12075766852988
"724",1.03917865527153,-8.72218570904175e-06,0.259665688503299,-2.23132507895886,0.120258254713541
"725",1.03295039017946,1.21734891757654e-05,0.269347849040917,-2.28731876604492,0.126790960334536
"726",1.03249130377709,-6.06386012191073e-06,0.262829542211377,-2.32772887492091,0.119925810954798
"727",1.02555392818569,1.46068208395383e-05,0.268542973239623,-2.35358266722233,0.122170710333247
"728",1.03289257299814,2.60210414234463e-06,0.25697421060356,-2.29935491487937,0.124934935835819
"729",1.03739771611068,2.92958870138272e-05,0.261262718258118,-2.34736603017141,0.123942363911812
"730",1.04586849057443,-1.46411809195787e-05,0.268056730430702,-2.2853838438972,0.11945076484673
"731",1.03122738964646,2.37989717473273e-05,0.270979046119578,-2.38898295135828,0.119628043936731
"732",1.01241938043042,5.39209046533308e-05,0.265408749770081,-2.31000108567701,0.121399863781069
"733",1.03416269696384,9.28363770191921e-06,0.265911593955236,-2.26715261327583,0.118678409158181
"734",1.03423049233724,1.13727109382964e-05,0.268990280854437,-2.264247237272,0.130345865265359
"735",1.04285442924022,-1.56343593639343e-05,0.265861001173981,-2.36377268232333,0.122264313756369
"736",1.03175065563881,1.84256468252553e-05,0.268839206880912,-2.27937157760026,0.122154802931662
"737",1.01899602280478,2.19928050644685e-05,0.26249298147628,-2.31476186777568,0.118022049372798
"738",1.02857733898069,1.97695101896065e-06,0.26561296615844,-2.38712129715986,0.124837820956471
"739",1.02805516547692,2.41635688071969e-05,0.270622768462596,-2.30486451523193,0.124467107976235
"740",1.03050466965261,1.05877077138005e-05,0.245188062918083,-2.38037339996288,0.125529282853331
"741",1.03485980428076,-1.21069554762147e-05,0.271249635596614,-2.37521247260286,0.127431933853244
"742",1.03456057645754,-1.5119838365602e-05,0.256178580283476,-2.2644272190896,0.127497628499597
"743",1.03507683001351,8.3079699210217e-06,0.25549245453812,-2.29985138745616,0.124192239916231
"744",1.03617499090522,1.18213769717869e-05,0.261045069782331,-2.30936296659894,0.125424784511832
"745",1.03705323661884,-6.77715886571623e-06,0.268163107734372,-2.32500168301146,0.124180276196852
"746",1.02433404752092,1.90386795878084e-05,0.270357226973811,-2.35308825414075,0.130272238324766
"747",1.03633013929127,-5.08936929345995e-06,0.261605657623475,-2.38048207136131,0.124348534099859
"748",1.03297981950868,1.106847086444e-05,0.257667643325342,-2.36612183665281,0.12967195004327
"749",1.03958619375522,-8.07055195227048e-06,0.26218839320182,-2.31309367693231,0.129619211893737
"750",1.02643267136212,2.86259362083544e-05,0.267039576560044,-2.37588960618507,0.119094704058384
"751",1.0376896436172,-1.78396327645765e-05,0.27155673529115,-2.2991295155223,0.121855447760517
"752",1.02680836175488,5.26717040486325e-06,0.27155686234576,-2.25747824214533,0.125443315591929
"753",1.04111244529351,-9.24830087834103e-08,0.255118676770371,-2.31565800149162,0.126023489196645
"754",1.01686910268835,4.71223919925946e-05,0.269091859487076,-2.28919475609003,0.119324238233434
"755",1.04345193583558,-1.31369282304169e-05,0.27171696096983,-2.32677269620627,0.123145707854616
"756",1.02544782643886,2.68032340264107e-05,0.25906030900972,-2.33118425975681,0.125556700186397
"757",1.01655412258366,4.30370122246037e-05,0.2735567481115,-2.31334008122863,0.123540575928846
"758",1.02097452632127,2.37716260371228e-05,0.279718167711428,-2.37526843435361,0.1236701681114
"759",1.0223207986192,2.9991016218712e-05,0.256874740394966,-2.30206755467782,0.125177125330777
"760",1.04041637072948,1.50694509345328e-05,0.266260036346547,-2.41362432852043,0.127044480850658
"761",1.02544801800626,2.81778395726639e-05,0.265871519785849,-2.2364294033319,0.128239793225789
"762",1.02681415736293,1.9902337202589e-05,0.274312462530357,-2.36607736412258,0.122397466890584
"763",1.01754397759527,5.82506148823171e-05,0.253995472702482,-2.37468384458226,0.123001459850671
"764",1.0182819175726,4.58340293776261e-05,0.262421234972042,-2.34665519913443,0.125344013557632
"765",1.01807139154555,3.75118182676571e-05,0.261663770384948,-2.2809017264501,0.122076936454824
"766",1.03225034132016,-3.26592107799477e-06,0.260316938181291,-2.38088169375408,0.125743445277534
"767",1.01404878544217,4.25428073640501e-05,0.269045768490111,-2.35109522179924,0.124216597002879
"768",1.03121783545873,1.36473081448998e-05,0.267677095466526,-2.31938284976732,0.123613518790837
"769",1.01384101610933,3.82699288700888e-05,0.272319250079736,-2.34093499283131,0.118715015080781
"770",1.02366623977182,3.14078811890182e-05,0.264859945458561,-2.34341194029487,0.126351242350508
"771",1.03142081048048,1.93824475032305e-05,0.270551768230208,-2.31847237639847,0.122248165730628
"772",1.03353733509313,5.04085521718396e-06,0.264034848790264,-2.35678412732187,0.127652813148819
"773",1.02954679555618,9.08374748448987e-06,0.253970116666835,-2.26691240225193,0.131099185941933
"774",1.02900144999755,8.60836606943674e-06,0.266230744136486,-2.34386469988929,0.119924631917548
"775",1.04487452677844,-1.36996281328128e-05,0.273409107323772,-2.3508574896997,0.124720874359386
"776",1.03205609905127,-8.69029370224761e-06,0.276411802400605,-2.35912817143611,0.122987438825113
"777",1.02866096864583,1.84015605465195e-05,0.267110739914004,-2.31193124739245,0.121990226966406
"778",1.03232540544302,2.97509990614227e-05,0.263026827236874,-2.24222347524773,0.120840840422172
"779",1.02145104638591,3.68217368203648e-05,0.258099431421926,-2.32783842503763,0.122583839538576
"780",1.02252892244894,7.76693953900039e-06,0.273948887029892,-2.28756161448297,0.124686649888407
"781",1.02022727957702,3.98946250671712e-05,0.27484033316887,-2.27813031663073,0.120974126206738
"782",1.05902216078998,-4.227306068589e-05,0.268383177480738,-2.30489676650119,0.120666939989465
"783",1.03323906670675,6.35175361353917e-06,0.27121143275695,-2.34500879834758,0.126958920263373
"784",1.03145818052514,1.29390030748312e-05,0.266663649743914,-2.34840516075551,0.126652205579676
"785",1.03069140842489,2.05720797172481e-05,0.266714936968716,-2.39866152664778,0.120876794512759
"786",1.02352033835626,2.90351851616271e-05,0.277931670647418,-2.28916967079073,0.124818841542008
"787",1.03171746011356,4.41447860079867e-06,0.256987058180024,-2.29535257455818,0.123712961309443
"788",1.03405262365567,-9.09673553739755e-06,0.258687305279509,-2.26517004824868,0.12027700052465
"789",1.02818358683799,1.40298144533665e-05,0.263005527098783,-2.3304516571217,0.126385749985366
"790",1.02208696955783,2.12144264595777e-05,0.25331288729622,-2.26981921351852,0.125795638102844
"791",1.0314485928526,-9.61322593385659e-06,0.268006644393959,-2.37250448073672,0.119147887396551
"792",1.01879655654237,4.61895371758281e-05,0.267467447641421,-2.29463857990006,0.123765946246978
"793",1.01887718063241,2.23082591308562e-05,0.266274881244107,-2.28272904300744,0.123134886833404
"794",1.04014381620518,6.33092417875299e-06,0.271225834788136,-2.34046944562694,0.12623909123196
"795",1.037805700671,-1.79430379663521e-05,0.275636969631067,-2.29900729584511,0.122683267625695
"796",1.02207083623116,3.95102502466672e-05,0.268846156126566,-2.27226800051164,0.126847096326191
"797",1.03634837295729,-6.54865478430409e-06,0.262700881610734,-2.36005341093179,0.119921780290532
"798",1.03938288971532,-6.34913023454308e-06,0.260375863498116,-2.2974829138211,0.12779696705426
"799",1.01716599042041,3.76330931027278e-05,0.268222931490375,-2.34998318183154,0.124109584393692
"800",1.02905492685293,1.136067898099e-05,0.258603128674322,-2.32307768931374,0.124092059439888
"801",1.02895768898117,1.71630816484167e-05,0.271133240526895,-2.35139942068955,0.114445710928421
"802",1.03030151904486,1.42306908198415e-06,0.276644037399344,-2.28435750180713,0.129307258914939
"803",1.01803240024061,3.72174701768731e-05,0.270267969763869,-2.3306528574338,0.125847837839419
"804",1.02876327578679,7.68953141256247e-06,0.272358825280738,-2.38343309362703,0.126949782420238
"805",1.02987510737503,6.38278056303658e-06,0.266096816771846,-2.31376358117156,0.125173623436964
"806",1.03070911801598,2.39036927810918e-06,0.26557939103437,-2.3675188959371,0.127949729674489
"807",1.0304416768343,1.30359595588953e-05,0.257453495352826,-2.35454491048552,0.124438726722493
"808",1.03138802298665,-1.4896286966698e-07,0.263064009730957,-2.34524647583171,0.126060686952439
"809",1.02196858212086,2.90447432355773e-05,0.273718968005517,-2.31912838314305,0.131049343907121
"810",1.03516155319101,-1.25451796747226e-05,0.262896691777022,-2.32559270614121,0.126549814601134
"811",1.02623893952221,2.80124639185448e-05,0.276621579698248,-2.31068941434705,0.127413401039462
"812",1.04479527609394,-2.79327308871217e-06,0.261660294660985,-2.39244598128797,0.126968212734977
"813",1.02973167510355,2.07954492311004e-05,0.272230203917428,-2.32893933511797,0.118796577785054
"814",1.03179971004936,4.64599099207793e-06,0.266795253028043,-2.31158584478074,0.122076700217418
"815",1.01798634234224,4.20150456380691e-05,0.260412518216725,-2.33039028092482,0.123350026128853
"816",1.03037966677132,1.12037356217841e-05,0.267015712917053,-2.38828335567922,0.125713733297383
"817",1.04391837422757,-2.4473803684639e-05,0.268631353106995,-2.2934907929753,0.119622874705379
"818",1.02883199120508,2.35764972934515e-05,0.278954551009996,-2.27945377534968,0.124145376034934
"819",1.024986571851,2.37247026956727e-05,0.265018644263963,-2.24311440912469,0.118944482655043
"820",1.03396714048456,-2.18138918475349e-05,0.259747834994157,-2.36236076373339,0.120501955079115
"821",1.03537383328371,5.06449256309049e-06,0.267679484357398,-2.29236478515028,0.121015659144186
"822",1.04921112308343,-1.78933488765596e-05,0.272953470814726,-2.31856460057833,0.121001483703238
"823",1.01848167089477,4.46860630308598e-05,0.261227585053832,-2.20400626097199,0.119218588539462
"824",1.02363842998995,1.17285746330864e-05,0.259775549076274,-2.2748038809779,0.123493452127716
"825",1.02938653713158,1.78901573931112e-05,0.264927095063889,-2.32932317314326,0.121255400280897
"826",1.02790259706197,9.97909430589561e-06,0.254346968901094,-2.32870102196146,0.123563397823929
"827",1.02295747091898,2.05062577116548e-05,0.273863472260683,-2.25287048964314,0.132431714283958
"828",1.04247580208656,-1.80718677059348e-05,0.261859394943765,-2.25756360932586,0.126475407789672
"829",1.03872358712537,-1.3064092454104e-05,0.267771404766704,-2.30529799692487,0.123449217930307
"830",1.03146507705501,1.41870254456276e-06,0.260418353469188,-2.29948249087875,0.120630955117363
"831",1.02574752389511,2.63713838469993e-05,0.265598547494648,-2.32725014329377,0.119776691088545
"832",1.02915275967469,-3.73185399262248e-06,0.274137091797437,-2.32369643487301,0.121884247814419
"833",1.03774012279068,7.31422742662666e-06,0.263689613572401,-2.38978646837133,0.128350680345966
"834",1.03211304796144,2.88413130549482e-05,0.262479207292603,-2.3341871208059,0.121070575458692
"835",1.05502050402829,-5.10224369385145e-05,0.269793428214568,-2.30978471648255,0.120453503807175
"836",1.01480337327782,4.40382955967146e-05,0.262634460115107,-2.29099764338428,0.124772410541537
"837",1.04842639085076,-1.86426053146387e-05,0.263945066155223,-2.24428138750881,0.124391688648309
"838",1.02088772776948,2.70107213132184e-05,0.273722414665125,-2.34191437289498,0.120891082692676
"839",1.02835752886664,1.41551064490482e-05,0.265901211539795,-2.28565458265133,0.123975827077617
"840",1.0316674998508,1.41510440745458e-05,0.272746616921716,-2.25503121777945,0.122988053130614
"841",1.02399269630458,1.88489464550104e-05,0.259410186144783,-2.3286083191412,0.123560549758069
"842",1.02668593996567,2.44610963434347e-05,0.272841521256837,-2.31963696313349,0.124563273600415
"843",1.01987798431604,2.14421584454308e-05,0.263890454532707,-2.36766191027167,0.123955410511565
"844",1.03364926699474,6.98302731308598e-06,0.274071452009182,-2.33449156697044,0.116583896044705
"845",1.0377583009808,3.39429001533333e-07,0.266505039076457,-2.3436786913622,0.121017358526872
"846",1.01847487456747,2.91885623873513e-05,0.266416937933899,-2.38376755419392,0.123703996214391
"847",1.02345360062752,2.68122822835609e-05,0.259207569844994,-2.32835899299677,0.123649551298985
"848",1.01660984141508,4.12634301818538e-05,0.262227240114627,-2.3573846553058,0.120632553727072
"849",1.04041392007337,-7.77742807347961e-06,0.261329543973296,-2.34973135717868,0.127053759766839
"850",1.03594687084988,1.28869280343358e-06,0.275429793593442,-2.29655518266433,0.122868358864105
"851",1.03736959486722,-6.03509104144773e-06,0.265951393717571,-2.36923261690909,0.128837742169368
"852",1.02917221996845,2.78362361783262e-05,0.258618571573738,-2.31968849928412,0.128032512458563
"853",1.01875006911055,2.56265014389636e-05,0.263880775463972,-2.36195596868895,0.123225091834043
"854",1.04089276722378,3.30098335163357e-06,0.280204587192734,-2.34103805246294,0.123244765792388
"855",1.01722904519363,3.44161985550783e-05,0.266944346415137,-2.27306471823431,0.119471088135602
"856",1.02707013616576,2.78118935102955e-05,0.274220793812724,-2.29971732430554,0.122857495100085
"857",1.0252191962437,2.32427135450585e-05,0.261805699080456,-2.36550688508464,0.12660456453611
"858",1.03656636321675,-3.29189974834504e-06,0.266174704979144,-2.29620312520182,0.124024814712667
"859",1.03004398466277,1.96729148431424e-05,0.278977434432644,-2.28686552036314,0.128417273949374
"860",1.02204729899831,2.40996238658195e-05,0.265411840477347,-2.28784909884804,0.12074558089001
"861",1.02381118594434,3.54509502307669e-05,0.263135201575949,-2.37852150495321,0.124601945505427
"862",1.04553995174139,-1.83972165040683e-05,0.268185135402927,-2.36447622166393,0.129143181525952
"863",1.01062444160977,4.29333956927638e-05,0.259530112491092,-2.33195635040779,0.130373947716764
"864",1.01965743745541,2.73420574620547e-05,0.258387047783713,-2.28497822371253,0.129085985897331
"865",1.03490965637305,2.22894588218511e-05,0.268347952245816,-2.34210387351589,0.127687225077471
"866",1.02613117146766,2.06337026287065e-05,0.272749413683006,-2.31286265812619,0.119819527216989
"867",1.0244500615445,2.73543765704778e-05,0.258470248412285,-2.32289344117248,0.121487971351361
"868",1.02456631742485,2.88799293134265e-05,0.26306496399817,-2.34141025132784,0.127537235266791
"869",1.0173585129891,3.68601640697604e-05,0.275571516789338,-2.33273634932962,0.119452992997891
"870",1.04105949949932,-8.15091157274696e-06,0.271112054869805,-2.38748584889297,0.123282372325903
"871",1.029715778645,-1.98077960852417e-06,0.260187019238021,-2.32372916468796,0.128767556282679
"872",1.02654833986629,1.04928924462431e-05,0.268672695389265,-2.35447334253659,0.12313521609129
"873",1.0137335454757,4.6439301922445e-05,0.266501175169498,-2.36172017402182,0.121482795701399
"874",1.00527670405773,5.77587853260134e-05,0.261876423813856,-2.29677906808614,0.126600684318611
"875",1.03196469378176,1.29872580794971e-05,0.264788003193795,-2.31342226023786,0.125932737464391
"876",1.02255094372728,2.21807875536206e-05,0.275409108659374,-2.3110304690478,0.121992925441006
"877",1.02569122596716,2.81681359992035e-05,0.25770976436094,-2.41237703446218,0.121711967460402
"878",1.0314554542722,3.19533490960396e-06,0.275512803213786,-2.33018901572993,0.132198765943881
"879",1.03748127630419,-4.11925085698991e-07,0.269458057629822,-2.2701252135628,0.128970479313088
"880",1.05512753602922,-3.76917615649081e-05,0.250409653103728,-2.3633675666758,0.125974435700997
"881",1.01646551418214,4.49912812817449e-05,0.270183694609291,-2.29865161464208,0.125451583455404
"882",1.02984021974261,1.0888464269104e-05,0.286588629648871,-2.29794141922206,0.126851258407698
"883",1.02944266386091,1.93671243178254e-06,0.282033519061837,-2.31354393044895,0.120742681671377
"884",1.02481079297647,1.55872023943142e-05,0.2658776317107,-2.27903659267079,0.125434055260759
"885",1.03389797626756,1.49016154944631e-05,0.267556400602195,-2.30148037630774,0.123797437122341
"886",1.03240126596021,1.91384207677173e-05,0.265713432180234,-2.31977100250624,0.123322622087195
"887",1.01506082527402,3.46542246127468e-05,0.274015555780318,-2.28809006125362,0.122956554344155
"888",1.0387761462371,-1.67977842484142e-05,0.274366547702594,-2.29841235632139,0.127179910979966
"889",1.03178418873229,2.29668822404825e-05,0.270116460660639,-2.34522498937038,0.125617937245241
"890",1.03224617500505,2.87047988287076e-05,0.274914826450665,-2.35544755649767,0.1257815689602
"891",1.01552735937464,3.83934740758359e-05,0.264453256637362,-2.34889288330951,0.124737208615469
"892",1.04065275142006,-6.91164729184991e-06,0.2735854139887,-2.28549997918176,0.125511992852213
"893",1.02617169861184,-5.40206390926407e-06,0.258333076531221,-2.33544080325598,0.121166002368883
"894",1.01883134421834,4.51581767429653e-05,0.2782060777583,-2.28940923153353,0.122181944839077
"895",1.02669799987441,3.24564972106011e-05,0.261853437790368,-2.30083414291219,0.127641689551563
"896",1.04563876753436,-3.45389482572882e-05,0.255578299520435,-2.33510150601368,0.121697425743148
"897",1.02800750631841,1.82802523163752e-05,0.256819512066003,-2.33585107142711,0.121051742207254
"898",1.02199165691313,4.00207926451705e-05,0.279285295515026,-2.37740711497546,0.132355623695617
"899",1.01679559598511,4.82969207949174e-05,0.265207627097821,-2.30889741671605,0.130225760468981
"900",1.02557578736509,2.94156225860547e-05,0.275322569282999,-2.31394051460112,0.121810551172609
"901",1.0251561851187,1.82808352226611e-05,0.275606630294899,-2.34722796664486,0.122844391784733
"902",1.04064259045364,1.86844780402438e-06,0.268509599957822,-2.31967862044966,0.122941052797306
"903",1.02063037011898,3.80491566173927e-05,0.268881334089318,-2.35862585605371,0.121572328764504
"904",1.0247249379436,3.21791075908077e-05,0.258420513394979,-2.29624264645105,0.123955859337585
"905",1.01680108327792,3.57369297376199e-05,0.273602579071289,-2.32035750304199,0.12407497922865
"906",1.02219550499686,1.90494932998405e-05,0.275764917805186,-2.32251408693796,0.123779860147239
"907",1.02590847387294,3.38847713312311e-05,0.268118841358087,-2.37384388441302,0.12477460319009
"908",1.0245984535198,2.21818563263595e-05,0.262888813564069,-2.35237307260613,0.129126151362453
"909",1.03066538140011,1.11615181405257e-05,0.267370528720015,-2.30181636159489,0.122848020106174
"910",1.02719998797962,3.12574777279952e-05,0.256243814908383,-2.29020644233516,0.122932448398411
"911",1.03703313703948,3.71866418253404e-06,0.26510488939831,-2.29440132148212,0.126989835922441
"912",1.02480538641469,1.42874041638401e-05,0.259727648380371,-2.31672359722178,0.126652054807615
"913",1.01719438110669,3.42216865140144e-05,0.276790698186501,-2.3259712655915,0.122572602587775
"914",1.03408521519592,2.69472665622377e-06,0.262037678925536,-2.29516713713397,0.122539841374191
"915",1.03340162840118,3.03712249242235e-06,0.264145130687628,-2.31921834894115,0.126685716936107
"916",1.0281424673102,2.50704859253057e-05,0.259887757308341,-2.38513000873968,0.12241271125723
"917",1.03048024848317,2.54831199357335e-05,0.269575099662483,-2.3585045772411,0.125624090933555
"918",1.02561883774013,3.68911105251319e-05,0.266597205930579,-2.32042160381979,0.126846303975131
"919",1.03685623121318,8.69563411915005e-06,0.269129470387134,-2.28998010128264,0.126773233256119
"920",1.01779427927001,2.50649626822222e-05,0.263798470555458,-2.35159263727503,0.124383311392359
"921",1.04481332514108,-1.01318142143716e-05,0.276949668572014,-2.3595529428732,0.126465867504093
"922",1.04229949640651,-1.46104178054068e-05,0.264556776655935,-2.37783926890382,0.123727083075775
"923",1.02079774017006,1.62453951276645e-05,0.26668205830852,-2.3538586108104,0.125894085041282
"924",1.01432496228473,3.09468212979956e-05,0.271787851253319,-2.29482891566482,0.123339864214822
"925",1.02252928467089,2.48256511176069e-05,0.271646053026791,-2.40356869797419,0.120868218204781
"926",1.02238262862357,2.68803048768715e-05,0.279663068554161,-2.37360678816518,0.12400495206325
"927",1.03056617389949,2.16527724085395e-05,0.268869617214344,-2.37763147268541,0.122878724706416
"928",1.04501904420946,-1.17419501495228e-05,0.273517036954328,-2.26979167229428,0.124777634363879
"929",1.02877517142811,2.96981175468503e-05,0.268855845509401,-2.34247917941726,0.125182612101387
"930",1.02536641573234,2.00653190562622e-05,0.278202667444883,-2.31711812014074,0.123471599665235
"931",1.02178722256715,3.44056384027196e-05,0.268633869951876,-2.25171697770561,0.117792853273941
"932",1.02954256734023,9.7146015957431e-06,0.262285963263709,-2.34696123261496,0.122242525481432
"933",1.02661009784905,2.05084704467282e-05,0.27246327428994,-2.36940839587095,0.124427436266522
"934",1.03013823870563,8.80142383372615e-06,0.270961611539632,-2.3110056554981,0.122457548231816
"935",1.02675822173638,-1.03332347980496e-06,0.257855148742714,-2.33661516086522,0.127391527530266
"936",1.02866726851144,1.92071925693562e-05,0.265361811960857,-2.26677426253776,0.123042192431492
"937",1.03126759946663,-1.19187618076072e-05,0.279217978000352,-2.33053368431447,0.12529871862393
"938",1.03791068300334,1.31903262885556e-06,0.270556481145774,-2.30393733781371,0.122184409360849
"939",1.02528551510615,1.91208854346437e-05,0.26266178542143,-2.29292333288967,0.122348203733008
"940",1.03309088904303,7.47360759463005e-06,0.275910916341805,-2.36247711997075,0.124534625627592
"941",1.03560702065391,1.38903001267552e-05,0.257952360080504,-2.21803231630098,0.123950229544236
"942",1.01898416628923,3.22967875944911e-05,0.269144489877353,-2.29107347332205,0.124678436438911
"943",1.00226196860113,7.35718725304308e-05,0.274704857720498,-2.34375930578046,0.124371441853149
"944",1.04731698784273,-2.29507924771294e-05,0.268377280068997,-2.19879471370211,0.127456703904628
"945",1.01129605251579,5.72847351316278e-05,0.277987719468305,-2.36383116174687,0.126294249225735
"946",1.04088949590326,9.25053576798019e-07,0.261504849385094,-2.29267094104112,0.12179135058992
"947",1.02381534541699,4.7039939825441e-06,0.264904735932927,-2.33977092444403,0.123555701279639
"948",1.03879804501813,4.74065472233912e-07,0.266737291091284,-2.33024997022746,0.12290218321125
"949",1.03349837989784,9.12985959048488e-06,0.266220882215332,-2.2839540183391,0.125253026018849
"950",1.03601412410754,-3.10018303022232e-06,0.263136646432465,-2.30767392156888,0.12089138497033
"951",1.04906688104404,-2.99425422451289e-05,0.257517535084116,-2.3705106699143,0.120303870234026
"952",1.0411305642687,-7.49777378716182e-06,0.261254967038054,-2.39200606813339,0.124552349040241
"953",1.01222505740918,4.24839725184282e-05,0.264313452908886,-2.31341468653015,0.130670066287491
"954",1.02808373502111,2.85683526977043e-05,0.270599836390391,-2.30473130004037,0.124470728246635
"955",1.02782214879471,2.85343440133137e-05,0.269867232951825,-2.2625263635788,0.122291724557092
"956",1.02675090590624,3.69572153411237e-05,0.265939612646385,-2.28375941546896,0.125144270911121
"957",1.0279879351867,1.39378360622584e-05,0.270138623501356,-2.40395507860161,0.122775596972546
"958",1.03602774424128,-9.55971204991396e-06,0.268269644467658,-2.29480481452463,0.12280305452941
"959",1.02898037463696,2.35007904238143e-05,0.268167465140748,-2.32530259728991,0.125234410846325
"960",1.03233701003716,3.76302007993773e-06,0.265344219608658,-2.3633892619229,0.122402628031371
"961",1.03570803634165,2.48686904073872e-06,0.254177786491173,-2.27927094964446,0.131452040493579
"962",1.03991076132139,-1.03425410457435e-05,0.26511777412004,-2.36292767776478,0.127434054199049
"963",1.04327883602859,-8.79227239414049e-06,0.252493346016782,-2.41977959257496,0.125381171153486
"964",1.05136234047082,-3.14983700360515e-05,0.267882058421153,-2.28378577966485,0.12785403161926
"965",1.0396575239335,-1.80226955535498e-05,0.262297996225604,-2.31415717579367,0.120734950658152
"966",1.04198213514734,-2.02420453318516e-05,0.264244669662267,-2.33227734439469,0.126706440039946
"967",1.03353064311798,2.1076775458453e-05,0.279474124373333,-2.28814706035746,0.120202037072611
"968",1.03056885794013,-9.83196696322841e-06,0.268403359887467,-2.4137240865727,0.122088770108331
"969",1.02444981825279,3.53318257168814e-05,0.260491397066524,-2.35285530102592,0.122645317204817
"970",1.03772384391621,-1.7526256923988e-05,0.271555237580379,-2.31347386938104,0.120943390427344
"971",1.04030647562919,-1.7333962959274e-05,0.262841449736156,-2.38859521968422,0.120614487104011
"972",1.02547812421653,2.79218857554979e-05,0.26755583056226,-2.28178434450955,0.12667317408703
"973",1.02185432563129,2.0680274217023e-05,0.266057214412313,-2.33347989455485,0.122273122104377
"974",1.03291343815969,-1.62025538691279e-05,0.27124488836775,-2.30752506553267,0.128707615110296
"975",1.0469739714418,-3.20059764223921e-05,0.267245602257317,-2.34153256486306,0.122280878493602
"976",1.03629415031754,-1.65964000551594e-05,0.275015119094557,-2.28739419744242,0.123467653465081
"977",1.032837984383,7.27222877422108e-06,0.257148657424207,-2.23369796436082,0.124324473156905
"978",1.03273049179015,1.28724798226351e-05,0.267509331111135,-2.29335957958898,0.126478259164932
"979",1.02622506307939,1.31596252130503e-05,0.25830305739542,-2.32081946264672,0.12169298111696
"980",1.02316468768292,3.84670114089242e-05,0.258086909899902,-2.25775758710304,0.124883073554029
"981",1.03521146796915,-1.64378143419162e-05,0.259146389714336,-2.2744812565247,0.122625672709839
"982",1.02953788337856,1.06966646180841e-05,0.258947428435742,-2.41580574695969,0.123869836931364
"983",1.02435840498833,1.95493119053226e-05,0.261031205546835,-2.30225276908368,0.119875155393393
"984",1.0383301765427,-1.20060327638306e-05,0.264052090383838,-2.30252010437713,0.120468852404701
"985",1.03074798743552,1.68409739808484e-05,0.261620407215863,-2.29247000860136,0.122362248836887
"986",1.04132093540953,-5.045544054025e-06,0.265754759428931,-2.34069797116455,0.127779589097062
"987",1.01470544223762,4.44746716530046e-05,0.264796410235163,-2.30276473026302,0.122325001844063
"988",1.03194939241472,3.00548422085283e-05,0.262338142478142,-2.34526643612249,0.122302657591249
"989",1.02014306157206,3.09145172304881e-05,0.266240100200503,-2.31655592804427,0.118722656067018
"990",1.04044075314623,2.13836414111764e-06,0.256796819679931,-2.33823731034287,0.128151315607348
"991",1.0332663712476,-1.65714359312322e-05,0.259399382420422,-2.36611588211561,0.120369250028798
"992",1.0354098375491,2.74521552824815e-06,0.261627760424557,-2.32274036346252,0.118403835966056
"993",1.01835911743255,1.87666894685984e-05,0.257896473862845,-2.37918382529825,0.124351493875379
"994",1.04578364811484,-2.15421921544528e-05,0.271691166892379,-2.30428370867625,0.123439336326984
"995",1.0234849792316,2.33470713498455e-05,0.26652983878641,-2.335710025791,0.125616140629703
"996",1.03399082505991,-1.33174480157862e-05,0.271932034018026,-2.28359845713616,0.123008601095729
"997",1.02187105463374,2.48690466803425e-05,0.267839086992572,-2.34137584733764,0.124829121299905
"998",1.02685075321896,1.2262674832614e-05,0.255998633888285,-2.34032207309286,0.123254629052789
"999",1.02240652791692,2.95837900313422e-05,0.266560348156753,-2.34865482658742,0.125700904796402
"1000",1.02564272577618,8.7279799307175e-06,0.269584646933961,-2.3327584640258,0.124216424156898
